,0310 - UMBRIA,,,,,,,,,,,,,,,,,,,,,,,,,,,
,"0201010102 - Industrie alimentari, delle bevande e del tabacco","0201020103 - Industrie tessili, dell'abbigliamento e calzature",0201030104 - Industrie del legno e del mobile,"0201040105 - Industrie della carta, cartotecnica e stampa",0201060101 - Estrazione di minerali,0201060108 - Industrie della lavorazione dei minerali non metalliferi,"0201070111 - Industrie elettriche, elettroniche, ottiche e medicali",0201070209 - Industrie metallurgiche e dei prodotti in metallo,0201070310 - Ind. fabbric. macchin. e attrezzature e dei mezzi di trasporto,"0201080106 - Industrie chimiche, farmaceutiche e petrolifere",0201080207 - Industrie della gomma e delle materie plastiche,"0201090113 - Ind. beni per la casa, tempo libero e altre manifatturiere","0201090214 - Public utilities (energia elettrica, gas, acqua, ambiente)",0301010115 - Costruzioni,0401010116 - Commercio e riparazione di autoveicoli e motocicli,0401010117 - Commercio all'ingrosso,0401010118 - Commercio al dettaglio,0501010119 - Servizi di alloggio e ristorazione; servizi turistici,0601010122 - Servizi informatici e delle telecomunicazioni,0601020123 - Servizi avanzati di supporto alle imprese,0601030125 - Servizi operativi di supporto alle imprese e alle persone,"0601040120 - Servizi di trasporto, logistica e magazzinaggio",0601050124 - Servizi finanziari e assicurativi,0601060121 - Servizi dei media e della comunicazione,0602010126 - Istruzione e servizi formativi privati,"0602010227 - SanitÃ Â , assistenza sociale e servizi sanitari privati","0602010328 - Servizi culturali, sportivi e altri servizi alle persone",0603010129 - Studi professionali
1225 - Direttori e dirigenti nei servizi di alloggio e ristorazione,0,0,0,0,0,0,0,0,0,0,0,0,0,0,0,0,0,0,0,0,0,0,0,0,0,0,0,0
"1227 - Direttori e dirigenti di banche, assicurazioni e agenzie immobiliari",0,0,0,0,0,0,0,0,0,0,0,0,0,0,0,0,0,0,0,0,0,0,0,0,0,0,0,0
1228 - Dirigenti generali di aziende di servizi alle imprese e alle persone,0,0,0,0,0,0,0,0,0,0,0,0,0,0,0,0,0,0,0,0,0,0,0,0,0,0,0,0
1222 - Direttori e dirigenti industria in senso stretto e nelle P.U.,0,0,0,0,0,0,0,0,0,0,0,0,0,0,0,0,0,0,0,0,0,0,0,0,0,0,0,0
1224 - Dirigenti generali di aziende nel commercio,0,0,0,0,0,0,0,0,0,0,0,0,0,0,0,0,0,0,0,0,0,0,0,0,0,0,0,0
1231 - Dirigenti del dipartimento finanza e amministrazione,0,0,0,0,0,0,0,0,0,0,0,0,0,0,0,0,0,0,0,0,0,0,0,0,0,0,0,0
1232 - Direttori e dirigenti gestione risorse umane e relazioni industriali,0,0,0,0,0,0,0,0,0,0,0,0,0,0,0,0,0,0,0,0,0,0,0,0,0,0,0,0
1233 - Dirigenti del dipartimento vendite e commercializzazione,0,0,0,0,0,0,0,0,0,0,0,0,0,0,0,0,0,0,0,0,0,0,0,0,0,0,0,0
"1234 - Direttori e dirigenti in comunicazione, pubblicitÃ Â  e public relations",0,0,0,0,0,0,0,0,0,0,0,0,0,0,0,0,0,0,0,0,0,0,0,0,0,0,0,0
1235 - Direttori e dirigenti dipartimento approvvigionamento e distribuzione,0,0,0,0,0,0,0,0,0,0,0,0,0,0,0,0,0,0,0,0,0,0,0,0,0,0,0,0
1236 - Direttori e dirigenti del dipartimento servizi informatici,0,0,0,0,0,0,0,0,0,0,0,0,0,0,0,0,0,0,0,0,0,0,0,0,0,0,0,0
1237 - Dirigenti del dipartimento ricerca e sviluppo,0,0,0,0,0,0,0,0,0,0,0,0,0,0,0,0,0,0,0,0,0,0,0,0,0,0,0,0
1314 - Responsabili di piccole aziende nel commercio,0,0,0,0,0,0,0,0,0,0,0,0,0,0,0,0,0,0,0,0,0,0,0,0,0,0,0,0
1315 - Responsabili piccole aziende nei servizi di alloggio e ristorazione,0,0,0,0,0,0,0,0,0,0,0,0,0,0,0,0,0,0,0,0,0,0,0,0,0,0,0,0
1319 - Responsabili piccole aziende in altri settori di attivitÃ Â  economica,0,0,0,0,0,0,0,0,0,0,0,0,0,0,0,0,0,0,0,0,0,0,0,0,0,0,0,0
2111 - Fisici e astronomi,0,0,0,0,0,0,0,0,0,0,0,0,0,0,0,0,0,0,0,0,0,0,0,0,0,0,0,0
2112 - Chimici e professioni assimilate,0,0,0,0,0,0,0,0,0,0,0,0,0,0,0,0,0,0,0,0,0,0,0,0,0,0,0,0
"2113 - Matematici, statistici e professioni assimilate",0,0,0,0,0,0,0,0,0,0,0,0,0,0,0,0,0,0,0,0,0,0,0,0,0,0,0,0
2114 - Analisti e progettisti di software,0,0,0,0,0,0,0,0,0,0,0,0,0,0,0,0,0,0,30,0,0,0,0,0,0,0,0,0
2115 - Progettisti e amministratori di sistemi,0,0,0,0,0,0,0,0,0,0,0,0,0,0,0,0,0,0,0,0,0,0,0,0,0,0,0,0
"2116 - Geologi, meteorologi, geofisici e professioni assimilate",0,0,0,0,0,0,0,0,0,0,0,0,0,0,0,0,0,0,0,0,0,0,0,0,0,0,0,0
2211 - Ingegneri energetici e meccanici,0,0,0,0,0,0,0,20,10,0,0,0,0,0,0,0,0,0,0,10,0,0,0,0,0,0,0,0
2212 - Ingegneri metallurgico-minerari,0,0,0,0,0,0,0,0,0,0,0,0,0,0,0,0,0,0,0,0,0,0,0,0,0,0,0,0
2213 - Ingegneri elettrotecnici,0,0,0,0,0,0,0,0,0,0,0,0,0,0,0,0,0,0,0,0,0,0,0,0,0,0,0,0
2214 - Ingegneri elettronici e in telecomunicazioni,0,0,0,0,0,0,0,0,0,0,0,0,0,0,0,0,0,0,0,20,0,0,0,0,0,0,0,0
"2215 - Ingegneri chimici, petroliferi e dei materiali",0,0,0,0,0,0,0,0,0,0,0,0,0,0,0,0,0,0,0,0,0,0,0,0,0,0,0,0
2216 - Ingegneri civili e professioni assimilate,0,0,0,0,0,0,0,0,0,0,0,0,0,0,0,0,0,0,0,0,0,0,0,0,0,0,0,0
2217 - Ingegneri industriali e gestionali,0,0,0,0,0,0,0,0,0,0,0,0,0,0,0,0,0,0,0,30,0,0,0,0,0,0,0,0
2218 - Ingegneri biomedici e bioingegneri,0,0,0,0,0,0,0,0,0,0,0,0,0,0,0,0,0,0,0,0,0,0,0,0,0,0,0,0
"2221 - Architetti, urbanisti e specialisti recupero-conservazione territorio",0,0,0,0,0,0,0,0,0,0,0,0,0,10,0,0,0,0,0,0,0,0,0,0,0,0,0,0
"2311 - Biologi, botanici, zoologi e professioni assimilate",0,0,0,0,0,0,0,0,0,0,0,0,0,0,0,0,0,0,0,0,0,0,0,0,0,0,0,0
"2312 - Farmacologi, batteriologi e professioni assimilate",0,0,0,0,0,0,0,0,0,0,0,0,0,0,0,0,0,0,0,0,0,0,0,0,0,0,0,0
2313 - Agronomi e forestali,0,0,0,0,0,0,0,0,0,0,0,0,0,0,0,0,0,0,0,0,0,0,0,0,0,0,0,0
2314 - Veterinari,0,0,0,0,0,0,0,0,0,0,0,0,0,0,0,0,0,0,0,0,0,0,0,0,0,0,0,0
2315 - Farmacisti,0,0,0,0,0,0,0,0,0,0,0,0,0,0,0,0,0,0,0,0,0,0,0,0,0,0,0,0
2411 - Medici di medicina generale,0,0,0,0,0,0,0,0,0,0,0,0,0,0,0,0,0,0,0,0,0,0,0,0,0,0,0,0
2412 - Specialisti in terapie mediche,0,0,0,0,0,0,0,0,0,0,0,0,0,0,0,0,0,0,0,0,0,0,0,0,0,0,0,0
2413 - Specialisti in terapie chirurgiche,0,0,0,0,0,0,0,0,0,0,0,0,0,0,0,0,0,0,0,0,0,0,0,0,0,0,0,0
2414 - Laboratoristi e patologi clinici,0,0,0,0,0,0,0,0,0,0,0,0,0,0,0,0,0,0,0,0,0,0,0,0,0,0,0,0
2415 - Dentisti e odontostomatologi,0,0,0,0,0,0,0,0,0,0,0,0,0,0,0,0,0,0,0,0,0,0,0,0,0,0,0,0
2416 - Specialisti in diagnostica per immagini e radioterapia,0,0,0,0,0,0,0,0,0,0,0,0,0,0,0,0,0,0,0,0,0,0,0,0,0,0,0,0
"2417 - Specialisti in igiene, epidemiologia e sanitÃ Â  pubblica",0,0,0,0,0,0,0,0,0,0,0,0,0,0,0,0,0,0,0,0,0,0,0,0,0,0,0,0
2418 - Anestesisti e rianimatori,0,0,0,0,0,0,0,0,0,0,0,0,0,0,0,0,0,0,0,0,0,0,0,0,0,0,0,0
2512 - Specialisti della gestione e del controllo nelle imprese private,0,0,0,0,0,0,0,0,0,0,0,0,0,0,0,0,0,0,0,0,0,0,0,0,0,0,0,0
2513 - Specialisti gestione e sviluppo del personale e del lavoro,0,0,0,0,0,0,0,0,0,0,0,0,0,0,0,0,0,0,0,0,0,0,0,0,0,0,0,0
2514 - Specialisti in contabilitÃ Â  e problemi finanziari,0,0,0,0,0,0,0,0,0,0,0,0,0,0,0,0,0,0,0,10,0,0,0,0,0,0,0,0
2515 - Specialisti nei rapporti con il mercato,0,0,0,0,0,0,0,0,0,0,0,0,0,0,0,0,0,0,0,0,0,0,0,0,0,0,0,0
"2516 - Specialisti nelle pubbliche relazioni, dell'immagine e simili",0,0,0,0,0,0,0,0,0,0,0,0,0,0,0,0,0,0,0,0,0,0,0,0,0,0,0,0
2521 - Procuratori legali e avvocati,0,0,0,0,0,0,0,0,0,0,0,0,0,0,0,0,0,0,0,0,0,0,0,0,0,0,0,0
2522 - Esperti legali in imprese o enti pubblici,0,0,0,0,0,0,0,0,0,0,0,0,0,0,0,0,0,0,0,0,0,0,0,0,0,0,0,0
2531 - Specialisti in scienze economiche,0,0,0,0,0,0,0,0,0,0,0,0,0,0,0,0,0,0,0,0,0,0,0,0,0,0,0,0
2532 - Specialisti in scienze sociologiche e antropologiche,0,0,0,0,0,0,0,0,0,0,0,0,0,0,0,0,0,0,0,0,0,0,0,0,0,0,0,0
2533 - Specialisti in scienze psicologiche e psicoterapeutiche,0,0,0,0,0,0,0,0,0,0,0,0,0,0,0,0,0,0,0,0,0,0,0,0,0,0,0,0
"2534 - Specialisti in scienze storiche, artistiche, politiche e filosofiche",0,0,0,0,0,0,0,0,0,0,0,0,0,0,0,0,0,0,0,0,0,0,0,0,0,0,0,0
2541 - Scrittori e professioni assimilate,0,0,0,0,0,0,0,0,0,0,0,0,0,0,0,0,0,0,0,0,0,0,0,0,0,0,0,0
2542 - Giornalisti,0,0,0,0,0,0,0,0,0,0,0,0,0,0,0,0,0,0,0,0,0,0,0,0,0,0,0,0
2543 - Interpreti e traduttori a livello elevato,0,0,0,0,0,0,0,0,0,0,0,0,0,0,0,0,0,0,0,0,0,0,0,0,0,0,0,0
2544 - Linguisti e filologi,0,0,0,0,0,0,0,0,0,0,0,0,0,0,0,0,0,0,0,0,0,0,0,0,0,0,0,0
"2545 - Archivisti, bibliotecari, conservatori di musei e profess.assimilate",0,0,0,0,0,0,0,0,0,0,0,0,0,0,0,0,0,0,0,0,0,0,0,0,0,0,0,0
"2551 - Pittori, scultori, disegnatori e restauratori di beni culturali",0,0,0,0,0,0,0,0,0,0,0,0,0,0,0,0,0,0,0,0,0,0,0,0,0,0,0,0
"2552 - Registi, direttori artistici, attori, sceneggiatori e scenografi",0,0,0,0,0,0,0,0,0,0,0,0,0,0,0,0,0,0,0,0,0,0,0,0,0,0,10,0
2553 - Coreografi e ballerini,0,0,0,0,0,0,0,0,0,0,0,0,0,0,0,0,0,0,0,0,0,0,0,0,0,0,0,0
"2554 - Compositori, musicisti e cantanti",0,0,0,0,0,0,0,0,0,0,0,0,0,0,0,0,0,0,0,0,0,0,0,0,0,0,0,0
2610 - Docenti universitari,0,0,0,0,0,0,0,0,0,0,0,0,0,0,0,0,0,0,0,0,0,0,0,0,0,0,0,0
2632 - Professori di scuola secondaria superiore,0,0,0,0,0,0,0,0,0,0,0,0,0,0,0,0,0,0,0,0,0,0,0,0,10,0,0,0
2633 - Professori di scuola secondaria inferiore,0,0,0,0,0,0,0,0,0,0,0,0,0,0,0,0,0,0,0,0,0,0,0,0,0,0,0,0
2641 - Professori di scuola primaria,0,0,0,0,0,0,0,0,0,0,0,0,0,0,0,0,0,0,0,0,0,0,0,0,0,0,0,0
2642 - Professori di scuola pre-primaria,0,0,0,0,0,0,0,0,0,0,0,0,0,0,0,0,0,0,0,0,0,0,0,0,30,30,0,0
2651 - Specialisti nella formazione di soggetti diversamente abili,0,0,0,0,0,0,0,0,0,0,0,0,0,0,0,0,0,0,0,0,0,0,0,0,0,0,0,0
2653 - Docenti ed esperti nella progettazione formativa e curricolare,0,0,0,0,0,0,0,0,0,0,0,0,0,0,0,0,0,0,0,10,0,0,0,0,0,0,0,0
2654 - Consiglieri dell'orientamento,0,0,0,0,0,0,0,0,0,0,0,0,0,0,0,0,0,0,0,0,0,0,0,0,0,0,0,0
2655 - Insegnanti di discipline artistiche e letterarie,0,0,0,0,0,0,0,0,0,0,0,0,0,0,0,0,0,0,0,0,0,0,0,0,0,0,0,0
3111 - Tecnici fisici e geologici,0,0,0,0,0,0,0,0,0,0,0,0,0,0,0,0,0,0,0,0,0,0,0,0,0,0,0,0
3112 - Tecnici chimici,10,0,0,0,0,0,0,0,0,0,0,0,0,0,0,0,0,0,0,10,0,0,0,0,0,0,0,0
3113 - Tecnici statistici,0,0,0,0,0,0,0,0,0,0,0,0,0,0,0,0,0,0,0,0,0,0,0,0,0,0,0,0
3121 - Tecnici programmatori,0,0,0,0,0,0,0,0,0,0,0,0,0,0,0,0,0,0,30,0,0,0,0,0,0,0,0,0
3122 - Tecnici esperti in applicazioni,0,0,0,0,0,0,0,0,0,0,0,0,0,0,0,0,0,0,0,0,0,0,0,0,0,0,0,0
3123 - Tecnici web,0,0,0,0,0,0,0,0,0,0,0,0,0,0,0,0,0,0,0,0,0,0,0,0,0,0,0,0
3124 - Tecnici gestori di basi di dati,0,0,0,0,0,0,0,0,0,0,0,0,0,0,0,0,0,0,0,0,0,0,0,0,0,0,0,0
3125 - Tecnici gestori di reti e di sistemi telematici,0,0,0,0,0,0,0,0,0,0,0,0,0,0,0,0,0,0,0,0,0,0,0,0,0,0,0,0
3126 - Tecnici per la trasmissione radio-televisiva e le telecomunicazioni,0,0,0,0,0,0,0,0,0,0,0,0,0,0,0,0,0,0,0,0,0,0,0,0,0,0,0,0
3131 - Tecnici meccanici,0,0,0,0,0,0,0,0,0,0,0,0,0,0,0,0,0,0,0,0,0,0,0,0,0,0,0,0
3132 - Tecnici metallurgico-minerari e della ceramica,0,0,0,0,0,0,0,0,0,0,0,0,0,0,0,0,0,0,0,0,0,0,0,0,0,0,0,0
3133 - Elettrotecnici,0,0,0,0,0,0,0,0,0,0,0,0,0,0,0,0,0,0,0,0,0,0,0,0,0,0,0,0
3134 - Tecnici elettronici,0,0,0,0,0,0,0,0,0,0,0,0,0,0,0,0,0,0,0,0,0,0,0,0,0,0,0,0
3135 - Tecnici delle costruzioni civili e professioni assimilate,0,0,0,0,0,0,0,0,0,0,0,0,0,0,0,0,0,0,0,0,0,0,0,0,0,0,0,0
3136 - Tecnici del risparmio energetico e delle energie rinnovabili,0,0,0,0,0,0,0,0,0,0,0,0,0,0,0,0,0,0,0,0,0,0,0,0,0,0,0,0
3137 - Disegnatori industriali e professioni assimilate,0,0,0,0,0,0,0,0,0,0,0,0,0,0,0,0,0,0,0,0,10,0,0,0,0,0,0,10
3141 - Tecnici della conduzione di impianti produttivi in continuo,0,0,0,0,0,0,0,0,0,0,0,0,0,0,0,0,0,0,0,0,0,0,0,0,0,0,0,0
3142 - Tecnici dell'esercizio di reti idriche ed energetiche,0,0,0,0,0,0,0,0,0,0,0,0,10,0,0,0,0,0,0,0,0,0,0,0,0,0,0,0
3151 - Tecnici di produzione in miniere e cave,0,0,0,0,0,0,0,0,0,0,0,0,0,0,0,0,0,0,0,0,0,0,0,0,0,0,0,0
3152 - Tecnici della gestione di cantieri edili,0,0,0,0,0,0,0,0,0,0,0,0,0,0,0,0,0,0,0,0,0,0,0,0,0,0,0,0
3153 - Tecnici della produzione manifatturiera,0,10,0,0,0,0,0,0,10,0,0,0,0,0,0,0,0,0,0,0,0,0,0,0,0,0,0,0
3154 - Tecnici della produzione e preparazione alimentare,0,0,0,0,0,0,0,0,0,0,0,0,0,0,0,0,0,0,0,0,0,0,0,0,0,0,0,0
3155 - Tecnici della produzione di servizi,0,0,0,0,0,0,0,0,0,0,0,0,0,0,0,0,0,0,0,0,0,0,0,0,0,0,0,0
3161 - Comandanti e ufficiali di bordo,0,0,0,0,0,0,0,0,0,0,0,0,0,0,0,0,0,0,0,0,0,0,0,0,0,0,0,0
3162 - Comandanti e piloti di aereo,0,0,0,0,0,0,0,0,0,0,0,0,0,0,0,0,0,0,0,0,0,0,0,0,0,0,0,0
3163 - Tecnici dell'aviazione civile,0,0,0,0,0,0,0,0,0,0,0,0,0,0,0,0,0,0,0,0,0,0,0,0,0,0,0,0
3164 - Tecnici dell'organizzazione del traffico ferroviario,0,0,0,0,0,0,0,0,0,0,0,0,0,0,0,0,0,0,0,0,0,0,0,0,0,0,0,0
3165 - Tecnici dell'organizzazione del traffico portuale,0,0,0,0,0,0,0,0,0,0,0,0,0,0,0,0,0,0,0,0,0,0,0,0,0,0,0,0
3171 - Fotografi e professioni assimilate,0,0,0,0,0,0,0,0,0,0,0,0,0,0,0,0,0,0,0,0,0,0,0,0,0,0,0,0
3172 - Operatori di apparecchi per la ripresa e la produzione audio-video,0,0,0,0,0,0,0,0,0,0,0,0,0,0,0,0,0,0,0,0,0,0,0,0,0,0,0,0
3173 - Tecnici di apparati medicali e per la diagnostica medica,0,0,0,0,0,0,0,0,0,0,0,0,0,0,0,0,0,0,0,0,0,0,0,0,0,0,0,0
3181 - Tecnici della sicurezza di impianti,0,0,0,0,0,0,0,0,0,0,0,0,0,0,0,0,0,0,0,0,0,0,0,0,0,0,0,0
3182 - Tecnici della sicurezza sul lavoro,0,0,0,0,0,0,0,0,0,0,0,0,0,0,0,0,0,0,0,0,0,0,0,0,0,0,0,0
3183 - Tecnici del controllo e della bonifica ambientale,0,0,0,0,0,0,0,0,0,0,0,0,0,0,0,0,0,0,0,0,0,0,0,0,0,0,0,0
3211 - Professioni sanitarie infermieristiche e ostetriche,0,0,0,0,0,0,0,0,0,0,0,0,0,0,0,0,0,0,0,0,0,0,0,0,0,0,0,0
3212 - Professioni sanitarie riabilitative,0,0,0,0,0,0,0,0,0,0,0,0,0,0,0,0,0,0,0,0,0,0,0,0,0,20,0,0
3213 - Professioni tecnico sanitarie - area tecnico diagnostica,0,0,0,0,0,0,0,0,0,0,0,0,0,0,0,0,0,0,0,0,0,0,0,0,0,0,0,0
3214 - Professioni tecnico sanitarie - area tecnico assistenziale,0,0,0,0,0,0,0,0,0,0,0,0,0,0,0,0,0,0,0,0,0,0,0,0,0,0,0,20
3215 - Professioni tecniche della prevenzione,0,0,0,0,0,0,0,0,0,0,0,0,0,0,0,0,0,0,0,0,0,0,0,0,0,0,0,0
3216 - Altre professioni tecniche della salute,0,0,0,0,0,0,0,0,0,0,0,0,0,0,0,0,0,0,0,0,0,0,0,0,0,0,0,0
3221 - Tecnici agronomi e forestali,0,0,0,0,0,0,0,0,0,0,0,0,0,0,0,0,0,0,0,0,0,0,0,0,0,0,0,0
3222 - Zootecnici,0,0,0,0,0,0,0,0,0,0,0,0,0,0,0,0,0,0,0,0,0,0,0,0,0,0,0,0
3223 - Tecnici biochimici e professioni assimilate,0,0,0,0,0,0,0,0,0,0,0,0,0,0,0,0,0,0,0,0,0,0,0,0,0,0,0,0
"3311 - Segretari amministrativi, archivisti e professioni assimilate",0,0,0,0,0,0,0,0,0,0,0,0,0,0,0,0,0,0,0,0,0,0,0,0,0,0,0,0
3312 - Contabili e professioni assimilate,0,0,0,10,0,0,0,0,0,0,0,0,0,0,0,0,0,0,20,30,0,0,0,0,10,10,10,0
3313 - Tecnici del trasferimento e del trattamento delle informazioni,0,0,0,0,0,0,0,0,0,0,0,0,0,0,0,0,0,0,0,0,0,0,0,0,0,0,0,0
3314 - Corrispondenti in lingue estere e professioni assimilate,0,0,0,0,0,0,0,0,0,0,0,0,0,0,0,0,0,0,0,0,0,0,0,0,0,0,0,0
3315 - Tecnici dell'organizzazione e della gestione dei fattori produttivi,0,0,0,0,0,0,0,0,0,0,0,0,0,0,0,0,0,0,0,0,0,0,0,0,0,0,0,0
3321 - Tecnici della gestione finanziaria,0,0,0,0,0,0,0,0,0,0,0,0,0,0,0,0,0,0,0,0,0,0,10,0,0,0,0,0
3322 - Tecnici del lavoro bancario,0,0,0,0,0,0,0,0,0,0,0,0,0,0,0,0,0,0,0,0,0,0,10,0,0,0,0,0
3323 - Agenti assicurativi,0,0,0,0,0,0,0,0,0,0,0,0,0,0,0,0,0,0,0,0,0,0,0,0,0,0,0,0
"3324 - Periti, valutatori di rischio, liquidatori e professioni assimilate",0,0,0,0,0,0,0,0,0,0,0,0,0,0,0,0,0,0,0,0,0,0,0,0,0,0,0,0
"3325 - Agenti borsa e cambio, tecnici intermed. titoli e profess. assimilate",0,0,0,0,0,0,0,0,0,0,0,0,0,0,0,0,0,0,0,0,0,0,0,0,0,0,0,0
3326 - Tecnici della locazione finanziaria e dei contratti di scambio,0,0,0,0,0,0,0,0,0,0,0,0,0,0,0,0,0,0,0,0,0,0,0,0,0,0,0,0
3331 - Approvvigionatori e responsabili acquisti,0,0,0,0,0,0,0,0,0,0,0,0,0,0,0,0,0,0,0,0,0,0,0,0,0,0,0,0
3332 - Responsabili di magazzino e della distribuzione interna,0,0,0,0,0,0,0,0,0,0,0,0,0,0,0,0,0,0,0,0,0,0,0,0,0,0,0,0
3334 - Tecnici della vendita e della distribuzione,0,0,0,10,0,0,0,0,0,0,0,0,0,0,10,10,20,0,20,0,0,0,0,0,0,0,0,0
3335 - Tecnici del marketing,0,0,0,0,0,0,0,0,0,0,0,0,0,0,0,0,10,0,0,0,0,0,0,10,0,0,0,0
3336 - Tecnici della pubblicitÃ Â  e delle pubbliche relazioni,0,0,0,0,0,0,0,0,0,0,0,0,0,0,0,0,0,0,0,0,0,0,0,0,0,0,0,0
3341 - Spedizionieri e tecnici della distribuzione,0,0,0,0,0,0,0,0,0,0,0,0,0,0,0,0,0,0,0,0,0,0,0,0,0,0,0,0
3342 - Agenti di commercio,0,10,0,0,0,0,0,0,0,0,0,0,0,0,0,0,0,0,0,0,0,0,0,0,0,0,0,0
3343 - Agenti concessionari,0,0,0,0,0,0,0,0,0,0,0,0,0,0,0,0,0,0,0,0,0,0,0,0,0,0,0,0
3344 - Agenti di pubblicitÃ Â ,0,0,0,0,0,0,0,0,0,0,0,0,0,0,0,0,0,0,0,0,0,0,0,0,0,0,0,0
3345 - Agenti immobiliari,0,0,0,0,0,0,0,0,0,0,0,0,0,0,0,0,0,0,0,0,0,0,0,0,0,0,0,0
3346 - Rappresentanti di commercio,0,0,0,0,0,0,0,0,0,0,0,0,0,0,0,0,10,0,0,0,0,0,0,0,0,0,0,0
3411 - Tecnici delle attivitÃ Â  ricettive e professioni assimilate,0,0,0,0,0,0,0,0,0,0,0,0,0,0,0,0,0,0,0,0,0,0,0,0,0,0,0,0
"3412 - Tecnici dell'organizzazione di fiere, convegni ed eventi culturali",0,0,0,0,0,0,0,0,0,0,0,0,0,0,0,0,0,0,0,0,0,0,0,0,0,0,0,0
3413 - Animatori turistici e professioni assimilate,0,0,0,0,0,0,0,0,0,0,0,0,0,0,0,0,0,0,0,0,0,0,0,0,0,0,0,0
3414 - Agenti di viaggio,0,0,0,0,0,0,0,0,0,0,0,0,0,0,0,0,0,0,0,0,0,0,0,0,0,0,0,0
3415 - Guide e accompagnatori specializzati,0,0,0,0,0,0,0,0,0,0,0,0,0,0,0,0,0,0,0,0,0,0,0,0,0,0,0,0
3421 - Istruttori di guida,0,0,0,0,0,0,0,0,0,0,0,0,0,0,0,0,0,0,0,0,0,0,0,0,0,0,0,0
3422 - Insegnanti nella formazione professionale,0,0,0,0,0,0,0,0,0,0,0,0,0,0,0,0,0,0,0,0,0,0,0,0,0,0,0,0
3423 - Istruttori di tecniche in campo artistico,0,0,0,0,0,0,0,0,0,0,0,0,0,0,0,0,0,0,0,0,0,0,0,0,0,0,0,0
3424 - Istruttori di discipline sportive non agonistiche,0,0,0,0,0,0,0,0,0,0,0,0,0,0,0,0,0,0,0,0,0,0,0,0,0,0,0,0
3426 - Allenatori e tecnici di discipline sportive agonistiche,0,0,0,0,0,0,0,0,0,0,0,0,0,0,0,0,0,0,0,0,0,0,0,0,0,0,0,0
3427 - Atleti,0,0,0,0,0,0,0,0,0,0,0,0,0,0,0,0,0,0,0,0,0,0,0,0,0,0,10,0
"3431 - Annunciatori e presentatori radio, televisione e altri spettacoli",0,0,0,0,0,0,0,0,0,0,0,0,0,0,0,0,0,0,0,0,0,0,0,0,0,0,0,0
"3432 - Tecnici organiz. e produz. radiotelevisiva, cinematografica, teatrale",0,0,0,0,0,0,0,0,0,0,0,0,0,0,0,0,0,0,0,0,0,0,0,0,0,0,0,0
"3441 - Grafici, disegnatori e allestitori di scena",0,0,0,0,0,0,0,0,0,0,0,0,0,0,0,0,0,0,0,0,0,0,0,0,0,0,0,0
"3442 - Tecnici dei musei, delle biblioteche e professioni assimilate",0,0,0,0,0,0,0,0,0,0,0,0,0,0,0,0,0,0,0,0,0,0,0,0,0,0,0,0
3444 - Tecnici restauratori,0,0,0,0,0,0,0,0,0,0,0,0,0,0,0,0,0,0,0,0,0,0,0,0,0,0,0,0
3451 - Assistenti sociali,0,0,0,0,0,0,0,0,0,0,0,0,0,0,0,0,0,0,0,0,0,0,0,0,0,0,0,0
3452 - Tecnici del reinserimento e dell'integrazione sociale,0,0,0,0,0,0,0,0,0,0,0,0,0,0,0,0,0,0,0,0,0,0,0,0,0,0,0,0
3453 - Tecnici dei servizi per l'impiego,0,0,0,0,0,0,0,0,0,0,0,0,0,0,0,0,0,0,0,0,0,0,0,0,0,0,0,0
3454 - Tecnici dei servizi di sicurezza privati e professioni assimilate,0,0,0,0,0,0,0,0,0,0,0,0,0,0,0,0,0,0,0,0,0,0,0,0,0,0,0,0
3455 - Tecnici delle attivitÃ Â  religiose e di culto,0,0,0,0,0,0,0,0,0,0,0,0,0,0,0,0,0,0,0,0,0,0,0,0,0,0,0,0
4111 - Addetti a funzioni di segreteria,0,0,0,0,0,0,0,0,0,0,0,0,0,0,0,0,0,10,0,0,10,0,10,0,0,0,10,20
4112 - Addetti agli affari generali,10,0,0,0,0,0,0,0,0,0,0,0,10,0,0,0,0,10,10,10,10,10,10,0,0,0,10,10
4114 - Addetti alla gestione del personale,0,0,0,0,0,0,0,0,0,0,0,0,0,0,0,0,0,0,0,0,0,0,0,0,0,0,0,0
4122 - Addetti all'immissione dati,0,0,0,0,0,0,0,0,0,0,0,0,0,0,0,0,10,0,0,10,0,0,0,0,0,0,0,0
4123 - Addetti macchine riproduzione e invio di materiali e documenti,0,0,0,0,0,0,0,0,0,0,0,0,0,0,0,0,0,0,0,0,0,0,0,0,0,0,0,0
"4211 - Addetti sportelli assicurativi, bancari e altri intermed. finanziari",0,0,0,0,0,0,0,0,0,0,0,0,0,0,0,0,0,0,0,0,0,0,60,0,0,0,0,0
4212 - Addetti agli sportelli dei servizi postali,0,0,0,0,0,0,0,0,0,0,0,0,0,0,0,0,0,0,0,0,0,0,0,0,0,0,0,0
4213 - Addetti sportelli esazione imposte e contributi e recupero crediti,0,0,0,0,0,0,0,0,0,0,0,0,0,0,0,0,0,0,0,0,0,0,0,0,0,0,0,0
4215 - Addetti alla vendita di biglietti,0,0,0,0,0,0,0,0,0,0,0,0,0,0,0,0,0,0,0,0,0,0,0,0,0,0,0,0
4216 - Addetti agli sportelli delle agenzie di viaggio,0,0,0,0,0,0,0,0,0,0,0,0,0,0,0,0,0,10,0,0,0,0,0,0,0,0,0,0
4221 - Addetti accoglienza e informaz. nelle imprese e negli enti pubblici,0,0,0,0,0,0,0,0,0,0,0,0,10,0,0,0,0,10,0,0,0,0,0,0,0,0,30,0
4222 - Addetti all'accoglienza nei servizi di alloggio e ristorazione,0,0,0,0,0,0,0,0,0,0,0,0,0,0,0,0,0,0,0,0,0,0,0,0,0,0,0,0
4223 - Centralinisti,0,0,0,0,0,0,0,0,0,0,0,0,0,0,0,0,0,0,0,0,0,0,0,0,0,0,0,0
4224 - Addetti all'informazione nei Call Center (senza funzioni di vendita),0,0,0,0,0,0,0,0,0,0,0,0,0,0,0,0,0,0,0,0,10,0,0,0,0,0,0,0
4311 - Addetti alla gestione degli acquisti,0,0,0,0,0,0,0,10,0,0,0,0,0,0,0,0,0,0,0,0,0,0,0,0,0,0,0,0
4312 - Addetti alla gestione dei magazzini e professioni assimilate,0,0,0,0,0,0,0,0,0,0,0,0,0,0,10,20,30,0,0,0,0,10,0,0,0,0,0,0
4313 - Addetti alla gestione amministrativa dei trasporti merci,0,0,0,0,0,0,0,0,0,0,0,0,0,0,0,0,0,0,0,0,0,0,0,0,0,0,0,0
4321 - Addetti alla contabilitÃ Â ,0,0,0,0,0,0,0,0,0,0,0,0,0,0,0,0,0,0,0,20,0,0,0,0,0,0,0,0
4322 - Addetti alle buste paga,0,0,0,0,0,0,0,0,0,0,0,0,0,0,0,0,0,0,0,50,0,0,0,0,0,0,0,0
4323 - Addetti operazioni finanziarie per l'impresa o l'organizzazione,0,0,0,0,0,0,0,0,0,0,0,0,0,0,0,0,0,0,0,0,0,0,0,0,0,0,0,0
4324 - Addetti ai servizi statistici,0,0,0,0,0,0,0,0,0,0,0,0,0,0,0,0,0,0,0,0,0,0,0,0,0,0,0,0
4325 - Addetti agli uffici interni di cassa,0,0,0,0,0,0,0,0,0,0,0,0,0,0,0,0,0,0,0,0,0,0,0,0,0,0,0,0
"4411 - Personale addetto compiti di controllo, verifica e profess. assim.",0,0,0,0,0,0,0,0,20,0,0,0,0,0,0,0,0,0,0,0,0,0,0,0,0,0,0,0
4412 - Addetti al controllo della documentazione di viaggio,0,0,0,0,0,0,0,0,0,0,0,0,0,0,0,0,0,0,0,0,0,10,0,0,0,0,0,0
4413 - Addetti allo smistamento e al recapito della posta,0,0,0,0,0,0,0,0,0,0,0,0,0,0,0,0,0,0,0,0,0,30,0,0,0,0,0,0
"4421 - Addetti ad archivi, schedari e professioni assimilate",0,0,0,0,0,0,0,0,0,0,0,0,0,0,0,0,0,0,0,0,0,0,0,0,0,0,0,0
4422 - Addetti a biblioteche e professioni assimilate,0,0,0,0,0,0,0,0,0,0,0,0,0,0,0,0,0,0,0,0,0,0,0,0,0,0,0,0
5111 - Esercenti delle vendite all'ingrosso,0,0,0,0,0,0,0,0,0,0,0,0,0,0,0,0,0,0,0,0,0,0,0,0,0,0,0,0
5121 - Commessi delle vendite all'ingrosso,0,0,0,0,0,0,0,0,0,0,0,0,0,0,0,0,0,0,0,0,0,0,0,0,0,0,0,0
5122 - Commessi delle vendite al minuto,0,10,0,0,0,0,0,0,0,0,0,0,0,0,10,30,490,0,20,0,0,0,0,0,0,0,0,0
5123 - Addetti ad attivitÃ Â  organizzative delle vendite,0,0,0,0,0,0,0,0,0,0,0,0,0,0,0,0,0,0,0,0,0,0,0,0,0,0,0,0
5124 - Cassieri di esercizi commerciali,0,0,0,0,0,0,0,0,0,0,0,0,0,0,0,0,0,0,0,0,0,0,0,0,0,0,0,0
"5125 - Venditori a domicilio, a distanza e professioni assimilate",0,0,0,0,0,0,0,0,0,0,0,0,0,0,0,0,0,0,0,0,0,0,0,0,0,0,0,0
5126 - Addetti ai distributori di carburanti e assimilati,0,0,0,0,0,0,0,0,0,0,0,0,0,0,0,0,10,0,0,0,0,0,0,0,0,0,0,0
5132 - Dimostratori e professioni assimilate,0,0,0,0,0,0,0,0,0,0,0,0,0,0,0,0,0,0,0,0,0,0,0,0,0,0,0,0
5133 - Vetrinisti e professioni assimilate,0,0,0,0,0,0,0,0,0,0,0,0,0,0,0,0,0,0,0,0,0,0,0,0,0,0,0,0
5134 - Addetti all'informazione e all'assistenza dei clienti,20,0,0,0,0,0,0,0,0,0,0,0,0,0,0,0,0,0,0,0,0,0,0,0,0,0,0,0
5221 - Cuochi in alberghi e ristoranti,0,0,0,0,0,0,0,0,0,0,0,0,0,0,0,0,0,110,0,0,0,0,0,0,0,0,0,0
"5222 - Addetti alla preparazione, alla cottura e alla distribuzione di cibi",0,0,0,0,0,0,0,0,0,0,0,0,0,0,0,0,0,120,0,0,0,0,0,0,10,10,0,0
5223 - Camerieri e professioni assimilate,0,0,0,0,0,0,0,0,0,0,0,0,0,0,0,0,0,220,0,0,0,0,0,0,0,0,0,0
5224 - Baristi e professioni assimilate,0,0,0,0,0,0,0,0,0,0,0,0,0,0,0,0,0,30,0,0,0,0,0,0,0,0,0,0
"5231 - Hostess, steward e professioni assimilate",0,0,0,0,0,0,0,0,0,0,0,0,0,0,0,0,0,0,0,0,0,0,0,0,0,0,0,0
5232 - Accompagnatori turistici,0,0,0,0,0,0,0,0,0,0,0,0,0,0,0,0,0,0,0,0,0,0,0,0,0,0,0,0
5311 - Professioni qualificate nei servizi sanitari e sociali,0,0,0,0,0,0,0,0,0,0,0,0,0,0,0,0,0,0,0,0,0,0,0,0,0,30,0,0
5411 - Maestri di arti e mestieri,0,0,0,0,0,0,0,0,0,0,0,0,0,0,0,0,0,0,0,0,0,0,0,0,0,0,0,0
"5422 - Allibratori, croupiers e professioni assimilate",0,0,0,0,0,0,0,0,0,0,0,0,0,0,0,0,0,0,0,0,0,0,0,0,0,0,0,0
5431 - Acconciatori,0,0,0,0,0,0,0,0,0,0,0,0,0,0,0,0,0,0,0,0,0,0,0,0,0,0,20,0
5432 - Estetisti e truccatori,0,0,0,0,0,0,0,0,0,0,0,0,0,0,0,0,0,0,0,0,0,0,0,0,0,0,10,0
5433 - Massaggiatori e operatori termali,0,0,0,0,0,0,0,0,0,0,0,0,0,0,0,0,0,0,0,0,0,0,0,0,0,0,0,0
5442 - Addetti alla sorveglianza di bambini e professioni assimilate,0,0,0,0,0,0,0,0,0,0,0,0,0,0,0,0,0,0,0,0,0,0,0,0,0,10,0,0
5443 - Addetti all'assistenza personale,0,0,0,0,0,0,0,0,0,0,0,0,0,0,0,0,0,0,0,0,0,0,0,0,0,60,0,0
5462 - Addetti di agenzie per il disbrigo di pratiche e assimilate,0,0,0,0,0,0,0,0,0,0,0,0,0,0,0,0,0,0,0,0,0,0,0,0,0,0,0,0
5472 - Addetti alle agenzie di pompe funebri,0,0,0,0,0,0,0,0,0,0,0,0,0,0,0,0,0,0,0,0,0,0,0,0,0,0,0,0
5484 - Vigili del fuoco e professioni assimilate,0,0,0,0,0,0,0,0,0,0,0,0,0,0,0,0,0,0,0,0,0,0,0,0,0,0,0,0
5486 - Guardie private di sicurezza,0,0,0,0,0,0,0,0,0,0,0,0,0,0,0,0,0,0,0,0,10,0,0,0,0,0,0,0
5487 - Bagnini e professioni assimilate,0,0,0,0,0,0,0,0,0,0,0,0,0,0,0,0,0,0,0,0,0,0,0,0,0,0,10,0
"6112 - Tagliatori di pietre, scalpellini e marmisti",0,0,0,0,0,0,0,0,0,0,0,0,0,0,0,0,0,0,0,0,0,0,0,0,0,0,0,0
"6121 - Muratori in pietra, mattoni, refrattari",0,0,0,0,0,0,0,0,0,0,0,0,0,70,0,0,0,0,0,0,0,0,0,0,0,0,0,0
6122 - Muratori in cemento armato,0,0,0,0,0,0,0,0,0,0,0,0,0,0,0,0,0,0,0,0,0,0,0,0,0,0,0,0
6123 - Carpentieri e falegnami nell'edilizia (esclusi i parchettisti),0,0,0,0,0,0,0,0,0,0,0,0,0,0,0,0,0,0,0,0,0,0,0,0,0,0,0,0
6124 - Ponteggiatori,0,0,0,0,0,0,0,0,0,0,0,0,0,0,0,0,0,0,0,0,0,0,0,0,0,0,0,0
"6125 - Armatori gallerie, addetti armamento ferroviario e profess. assimilate",0,0,0,0,0,0,0,0,0,0,0,0,0,0,0,0,0,0,0,0,0,0,0,0,0,0,0,0
6126 - Pavimentatori stradali e professioni assimilate,0,0,0,0,0,0,0,0,0,0,0,0,0,0,0,0,0,0,0,0,0,0,0,0,0,0,0,0
6127 - Montatori di manufatti prefabbricati e di preformati,0,0,0,0,0,0,0,0,0,0,0,0,0,0,0,0,0,0,0,0,0,0,0,0,0,0,0,0
6131 - Copritetti e professioni assimilate,0,0,0,0,0,0,0,0,0,0,0,0,0,0,0,0,0,0,0,0,0,0,0,0,0,0,0,0
6132 - Pavimentatori e posatori di rivestimenti,0,0,0,0,0,0,0,0,0,0,0,0,0,0,0,0,0,0,0,0,0,0,0,0,0,0,0,0
6133 - Intonacatori,0,0,0,0,0,0,0,0,0,0,0,0,0,0,0,0,0,0,0,0,0,0,0,0,0,0,0,0
6134 - Installatori di impianti di isolamento e insonorizzazione,0,0,0,0,0,0,0,0,0,0,0,0,0,0,0,0,0,0,0,0,0,0,0,0,0,0,0,0
6135 - Vetrai,0,0,0,0,0,0,0,0,0,0,0,0,0,0,0,0,0,0,0,0,0,0,0,0,0,0,0,0
6136 - Idraulici e posatori di tubazioni idrauliche e di gas,0,0,0,0,0,0,0,0,0,0,0,0,10,70,0,0,0,0,0,0,0,0,0,0,0,0,0,0
6137 - Elettricisti nelle costruzioni civili e professioni assimilate,0,0,0,0,0,0,0,0,0,0,0,0,0,80,0,0,0,0,0,0,0,0,0,0,0,0,0,0
6138 - Installatori di infissi e serramenta,0,0,0,0,0,0,0,10,0,0,0,0,0,0,0,0,0,0,0,0,0,0,0,0,0,0,0,0
"6141 - Pittori, stuccatori, laccatori e decoratori",0,0,0,0,0,0,0,0,0,0,0,0,0,0,0,0,0,0,0,0,0,0,0,0,0,0,0,0
6151 - Operai addetti ai servizi di igiene e pulizia,0,0,0,0,0,0,0,0,0,0,0,0,0,0,0,0,0,0,0,0,0,0,0,0,0,0,0,0
6152 - Operai addetti manutenzione impianti fognari e profess. assimilate,0,0,0,0,0,0,0,0,0,0,0,0,0,0,0,0,0,0,0,0,0,0,0,0,0,0,0,0
6211 - Fonditori e animisti di fonderia,0,0,0,0,0,0,0,0,0,0,0,0,0,0,0,0,0,0,0,0,0,0,0,0,0,0,0,0
6212 - Saldatori e tagliatori a fiamma,0,0,0,0,0,0,0,0,10,0,0,0,0,0,0,0,0,0,0,0,0,0,0,0,0,0,0,0
"6213 - Lattonieri e calderai, compresi i tracciatori",0,0,0,0,0,0,0,0,0,0,0,0,0,0,0,0,0,0,0,0,0,0,0,0,0,0,0,0
6214 - Montatori di carpenteria metallica,0,0,0,0,0,0,0,20,0,0,0,0,0,0,0,0,0,0,0,0,0,0,0,0,0,0,0,0
6215 - Attrezzatori e montatori cavi metallici uso industriale e di trasporto,0,0,0,0,0,0,0,0,0,0,0,0,0,0,0,0,0,0,0,0,0,0,0,0,0,0,0,0
6216 - Sommozzatori e lavoratori subacquei,0,0,0,0,0,0,0,0,0,0,0,0,0,0,0,0,0,0,0,0,0,0,0,0,0,0,0,0
6217 - Specialisti di saldatura elettrica e a norme ASME,0,0,0,0,0,0,0,0,0,0,0,0,0,0,0,0,0,0,0,0,0,0,0,0,0,0,0,0
6218 - Lastroferratori,0,0,0,0,0,0,0,0,0,0,0,0,0,0,0,0,0,0,0,0,0,0,0,0,0,0,0,0
"6221 - Fabbri, lingottai e operatori di presse per forgiare",0,0,0,0,0,0,0,20,0,0,0,0,0,0,0,0,0,0,0,0,0,0,0,0,0,0,0,0
6222 - Costruttori di utensili modellatori e tracciatori meccanici,0,0,0,0,0,0,0,0,0,0,0,0,0,0,0,0,0,0,0,0,0,0,0,0,0,0,0,0
6223 - Attrezzisti di macchine utensili e professioni assimilate,0,0,0,0,0,0,10,20,10,0,0,0,0,0,0,0,0,0,0,0,0,0,0,0,0,0,0,0
"6231 - Meccanici artigianali, riparatori automobili e profess. assimilate",0,0,0,0,0,0,0,0,0,0,0,0,0,0,10,0,30,0,0,0,0,10,0,0,0,0,0,0
6232 - Meccanici e riparatori di motori di aerei,0,0,0,0,0,0,0,0,0,0,0,0,0,0,0,0,0,0,0,0,0,0,0,0,0,0,0,0
6233 - Meccanici e montatori di macchinari industriali e assimilati,20,0,0,0,0,0,0,20,20,0,0,0,0,0,0,0,0,0,0,0,0,0,0,0,0,0,0,0
6234 - Frigoristi,0,0,0,0,0,0,0,0,0,0,0,0,0,0,0,0,0,0,0,0,0,0,0,0,0,0,0,0
"6235 - Meccanici e montatori apparecchi ind. termici, idraulici e di condiz.",0,0,0,0,0,0,0,0,0,0,0,0,0,0,0,0,0,0,0,0,0,0,0,0,0,0,0,0
6236 - Meccanici collaudatori,0,0,0,0,0,0,0,0,0,0,0,0,0,0,0,0,0,0,0,0,0,0,0,0,0,0,0,0
6237 - Verniciatori artigianali ed industriali,0,0,0,0,0,0,0,0,0,0,0,0,0,0,0,0,0,0,0,0,0,0,0,0,0,0,0,0
6238 - Meccanici e attrezzisti navali,0,0,0,0,0,0,0,0,0,0,0,0,0,0,0,0,0,0,0,0,0,0,0,0,0,0,0,0
6241 - Installatori e riparatori di apparati elettrici ed elettromeccanici,0,0,0,0,0,0,0,0,0,0,0,0,0,0,0,0,0,0,0,0,0,0,0,0,0,0,0,0
6242 - Manutentori e riparatori apparati elettronici industriali e di misura,0,0,0,0,0,0,0,0,0,0,0,0,0,0,0,0,0,0,0,0,0,0,0,0,0,0,0,0
6244 - Installatori e riparatori di apparati di telecomunicazione,0,0,0,0,0,0,0,0,0,0,0,0,0,0,0,0,0,0,0,0,0,0,0,0,0,0,0,0
"6245 - Installatori di linee elettriche, riparatori e cavisti",0,0,0,0,0,0,0,0,0,0,0,0,30,0,0,0,0,0,0,0,0,0,0,0,0,0,0,0
"6246 - Installatori, manutentori e riparatori di apparecchiature informatiche",0,0,0,0,0,0,0,0,0,0,0,0,0,0,0,0,0,0,0,0,0,0,0,0,0,0,0,0
6311 - Meccanici di precisione,0,0,0,0,0,0,0,0,0,0,0,0,0,0,0,0,0,0,0,0,0,0,0,0,0,0,0,0
6312 - Meccanici e riparatori di protesi (dentali e ortopediche),0,0,0,0,0,0,0,0,0,0,0,0,0,0,0,0,0,0,0,0,0,0,0,0,0,0,0,0
6313 - Artigiani e operai costruzione e accordatura di strumenti musicali,0,0,0,0,0,0,0,0,0,0,0,0,0,0,0,0,0,0,0,0,0,0,0,0,0,0,0,0
6314 - Addetti alla costruzione e riparazione di orologi,0,0,0,0,0,0,0,0,0,0,0,0,0,0,0,0,0,0,0,0,0,0,0,0,0,0,0,0
6315 - Costruttori di strumenti ottici e lenti,0,0,0,0,0,0,0,0,0,0,0,0,0,0,0,0,0,0,0,0,0,0,0,0,0,0,0,0
"6316 - Orafi, gioiellieri e professioni assimilate",0,0,0,0,0,0,0,0,0,0,0,0,0,0,0,0,0,0,0,0,0,0,0,0,0,0,0,0
6321 - Vasai e professioni assimilate (prodotti in ceramica e abrasivi),0,0,0,0,0,10,0,0,0,0,0,0,0,0,0,0,0,0,0,0,0,0,0,0,0,0,0,0
"6322 - Soffiatori, modellatori, tagliatori, molatori e levigatori di vetro",0,0,0,0,0,0,0,0,0,0,0,0,0,0,0,0,0,0,0,0,0,0,0,0,0,0,0,0
6323 - Incisori e acquafortisti su vetro,0,0,0,0,0,0,0,0,0,0,0,0,0,0,0,0,0,0,0,0,0,0,0,0,0,0,0,0
6324 - Pittori e decoratori su vetro e ceramica,0,0,0,0,0,20,0,0,0,0,0,0,0,0,0,0,0,0,0,0,0,0,0,0,0,0,0,0
6331 - Artigiani lavorazioni artistiche del legno e di materiali assimilati,0,0,10,0,0,0,0,0,0,0,0,0,0,0,0,0,0,0,0,0,0,0,0,0,0,0,0,0
"6332 - Artigiani lavorazioni artistiche a mano di tessili, cuoio e simili",0,0,0,0,0,0,0,0,0,0,0,0,0,0,0,0,0,0,0,0,0,0,0,0,0,0,0,0
6341 - Operatori delle attivitÃ Â  poligrafiche di pre-stampa,0,0,0,0,0,0,0,0,0,0,0,0,0,0,0,0,0,0,0,0,0,0,0,0,0,0,0,0
6342 - Stampatori offset e alla rotativa,0,0,0,10,0,0,0,0,0,0,0,0,0,0,0,0,0,0,0,0,0,0,0,0,0,0,0,0
"6344 - Artigiani incisori, acquafortisti, serigrafisti e profess. assimilate",0,0,0,0,0,0,0,0,0,0,0,0,0,0,0,0,0,0,0,0,0,0,0,0,0,0,0,0
6345 - Rilegatori e professioni assimilate,0,0,0,0,0,0,0,0,0,0,0,0,0,0,0,0,0,0,0,0,0,0,0,0,0,0,0,0
6412 - Agricoltori e operai agricoli di coltivazioni legnose agrarie,0,0,0,0,0,0,0,0,0,0,0,0,0,0,0,0,0,0,0,0,0,0,0,0,0,0,0,0
"6413 - Agricoltori e operai agricoli di coltivazioni fiori, piante e ortive",0,0,0,0,0,0,0,0,0,0,0,0,0,0,0,0,0,0,0,0,10,0,0,0,0,0,0,0
6441 - Lavoratori forestali specializzati,0,0,0,0,0,0,0,0,0,0,0,0,0,0,0,0,0,0,0,0,0,0,0,0,0,0,0,0
"6511 - Macellai, pesciaioli e professioni assimilate",20,0,0,0,0,0,0,0,0,0,0,0,0,0,0,0,0,0,0,0,0,0,0,0,0,0,0,0
6512 - Panettieri e pastai artigianali,0,0,0,0,0,0,0,0,0,0,0,0,0,0,0,0,0,0,0,0,0,0,0,0,0,0,0,0
"6513 - Pasticcieri, gelatai e conservieri artigianali",0,0,0,0,0,0,0,0,0,0,0,0,0,0,0,0,0,0,0,0,0,0,0,0,0,0,0,0
6515 - Artigiani e operai specializ. lavorazioni artigianali casearie,0,0,0,0,0,0,0,0,0,0,0,0,0,0,0,0,0,0,0,0,0,0,0,0,0,0,0,0
6521 - Artigiani e operai specializzati del trattamento del legno,0,0,0,0,0,0,0,0,0,0,0,0,0,0,0,0,0,0,0,0,0,0,0,0,0,0,0,0
6522 - Falegnami e attrezzisti di macchine per la lavorazione del legno,0,0,0,0,0,0,0,0,0,0,0,0,0,0,0,0,0,0,0,0,0,0,0,0,0,0,0,0
"6523 - Impagliatori, cestai, spazzolai, sugherai e professioni assimilate",0,0,0,0,0,0,0,0,0,0,0,0,0,0,0,0,0,0,0,0,0,0,0,0,0,0,0,0
6531 - Preparatori di fibre,0,20,0,0,0,0,0,0,0,0,0,0,0,0,0,0,0,0,0,0,0,0,0,0,0,0,0,0
6532 - Tessitori e maglieristi a mano e su telai manuali,0,10,0,0,0,0,0,0,0,0,0,0,0,0,0,0,0,0,0,0,0,0,0,0,0,0,0,0
"6533 - Sarti e tagliatori artigianali, modellisti e cappellai",0,20,0,0,0,0,0,0,0,0,0,0,0,0,0,0,0,0,0,0,0,0,0,0,0,0,0,0
"6534 - Pellicciai, modellatori di pellicceria e professioni assimilate",0,0,0,0,0,0,0,0,0,0,0,0,0,0,0,0,0,0,0,0,0,0,0,0,0,0,0,0
"6535 - Biancheristi, ricamatori a mano e professioni assimilate",0,0,0,0,0,0,0,0,0,0,0,0,0,0,0,0,0,0,0,0,0,0,0,0,0,0,0,0
6536 - Tappezzieri e materassai,0,0,0,0,0,0,0,0,0,0,0,0,0,0,0,0,0,0,0,0,0,0,0,0,0,0,0,0
6537 - Artigiani e addetti alle tintolavanderie,0,0,0,0,0,0,0,0,0,0,0,0,0,0,0,0,0,0,0,0,0,0,0,0,0,0,20,0
6541 - Conciatori di pelli e di pellicce,0,0,0,0,0,0,0,0,0,0,0,0,0,0,0,0,0,0,0,0,0,0,0,0,0,0,0,0
6542 - Artigiani e operai specializzati delle calzature e assimilati,0,0,0,0,0,0,0,0,0,0,0,0,0,0,0,0,0,0,0,0,0,0,0,0,0,0,0,0
"6543 - Valigiai, borsettieri e professioni assimilate",0,0,0,0,0,0,0,0,0,0,0,0,0,0,0,0,0,0,0,0,0,0,0,0,0,0,0,0
6551 - Macchinisti e attrezzisti di scena,0,0,0,0,0,0,0,0,0,0,0,0,0,0,0,0,0,0,0,0,0,0,0,0,0,0,0,0
7111 - Conduttori di macchinari in miniere e cave,0,0,0,0,0,0,0,0,0,0,0,0,0,0,0,0,0,0,0,0,0,0,0,0,0,0,0,0
7112 - Conduttori impianti per il primo trattamento di minerali e di pietre,0,0,0,0,0,0,0,0,0,0,0,0,0,0,0,0,0,0,0,0,0,0,0,0,0,0,0,0
"7113 - Trivellatori e sondatori pozzi petrol., gas natur., e profess. assim.",0,0,0,0,0,0,0,0,0,0,0,0,0,0,0,0,0,0,0,0,0,0,0,0,0,0,0,0
"7121 - Fonditori, operatori di altoforno, di convertitori, di forni raffinaz.",0,0,0,0,0,0,0,30,0,0,0,0,0,0,0,0,0,0,0,0,0,0,0,0,0,0,0,0
"7122 - Operatori forni di seconda fusione, colat. metalli, leghe e laminatoi",0,0,0,0,0,0,0,0,0,0,0,0,0,0,0,0,0,0,0,0,0,0,0,0,0,0,0,0
7123 - Operatori di impianti per il trattamento termico dei metalli,0,0,0,0,0,0,0,0,0,0,0,0,0,0,0,0,0,0,0,0,0,0,0,0,0,0,0,0
7124 - Trafilatori ed estrusori di metalli,0,0,0,0,0,0,0,10,0,0,0,0,0,0,0,0,0,0,0,0,0,0,0,0,0,0,0,0
7125 - Operatori impianti produzione e raffinazione metalli non ferrosi,0,0,0,0,0,0,0,0,0,0,0,0,0,0,0,0,0,0,0,0,0,0,0,0,0,0,0,0
"7131 - Conduttori impianti produzione vetro, ceramica e laterizi",0,0,0,0,0,0,0,0,0,0,0,0,0,0,0,0,0,0,0,0,0,0,0,0,0,0,0,0
7132 - Conduttori di forni e di altri impianti per la lavorazione del vetro,0,0,0,0,0,0,0,0,0,0,0,0,0,0,0,0,0,0,0,0,0,0,0,0,0,0,0,0
7133 - Conduttori impianti formatura articoli in ceramica e terracotta,0,0,0,0,0,0,0,0,0,0,0,0,0,0,0,0,0,0,0,0,0,0,0,0,0,0,0,0
"7134 - Conduttori forni e altri impianti produz. laterizi, tegole e assim.",0,0,0,0,0,0,0,0,0,0,0,0,0,0,0,0,0,0,0,0,0,0,0,0,0,0,0,0
7141 - Conduttori impianti fabbricazione in serie di pannelli in legno,0,0,0,0,0,0,0,0,0,0,0,0,0,0,0,0,0,0,0,0,0,0,0,0,0,0,0,0
7142 - Operatori impianti preparaz. pasta legno e altri mater. per cartiera,0,0,0,0,0,0,0,0,0,0,0,0,0,0,0,0,0,0,0,0,0,0,0,0,0,0,0,0
7143 - Operatori di impianti per la fabbricazione della carta,0,0,0,0,0,0,0,0,0,0,0,0,0,0,0,0,0,0,0,0,0,0,0,0,0,0,0,0
7151 - Conduttori di impianti per la raffinazione dei prodotti petroliferi,0,0,0,0,0,0,0,0,0,0,0,0,0,0,0,0,0,0,0,0,0,0,0,0,0,0,0,0
7152 - Operatori macchinari e impianti per la chimica di base e fine,0,0,0,0,0,0,0,0,0,0,0,0,0,0,0,0,0,0,0,0,0,0,0,0,0,0,0,0
7153 - Operatori macchinari fabbricazione prodotti derivati dalla chimica,0,0,0,0,0,0,0,0,0,0,0,0,0,0,0,0,0,0,0,0,0,0,0,0,0,0,0,0
7161 - Conduttori caldaie a vapore e di motori termici in impianti industr.,0,0,0,0,0,0,0,0,0,0,0,0,0,0,0,0,0,0,0,0,0,0,0,0,0,0,0,0
7162 - Operatori impianti riciclaggio rifiuti e trattam. e distribuz. acque,0,0,0,0,0,0,0,0,0,0,0,0,0,0,0,0,0,0,0,0,0,0,0,0,0,0,0,0
7171 - Operatori di catene di montaggio automatizzate,0,0,0,0,0,0,20,20,0,0,0,0,0,0,0,0,0,0,0,0,0,0,0,0,0,0,0,0
7181 - Conduttori di mulini e impastatrici,0,0,0,0,0,0,0,0,0,0,0,0,0,0,0,0,0,0,0,0,0,0,0,0,0,0,0,0
7182 - Conduttori forni e analoghi impianti trattamento termico minerali,0,0,0,0,0,0,0,0,0,0,0,0,0,0,0,0,0,0,0,0,0,0,0,0,0,0,0,0
7211 - Operai macchine utensili automatiche e semiautomatiche industriali,0,0,0,0,0,0,0,20,0,0,0,0,0,0,0,0,0,0,0,0,0,0,0,0,0,0,0,0
7212 - Operai a macchinari produzione manufatti in cemento e assimilati,0,0,0,0,0,0,0,0,0,0,0,0,0,0,0,0,0,0,0,0,0,0,0,0,0,0,0,0
7213 - Conduttori macch. produzione abrasivi e manufatti abrasivi minerali,0,0,0,0,0,0,0,0,0,0,0,0,0,0,0,0,0,0,0,0,0,0,0,0,0,0,0,0
"7221 - Finitori, operai rivestimenti metallici, galvanoplastica e assimilati",0,0,0,0,0,0,0,0,0,0,0,0,0,0,0,0,0,0,0,0,0,0,0,0,0,0,0,0
7231 - Conduttori macchinari confezione e vulcanizzazione dei pneumatici,0,0,0,0,0,0,0,0,0,0,0,0,0,0,0,0,0,0,0,0,0,0,0,0,0,0,0,0
7232 - Conduttori macchinari fabbricazione di altri articoli in gomma,0,0,0,0,0,0,0,0,0,0,0,0,0,0,0,0,0,0,0,0,0,0,0,0,0,0,0,0
7233 - Conduttori macchinari fabbricazione articoli in plastica e assimilati,0,0,0,0,0,0,0,0,0,0,10,0,0,0,0,0,0,0,0,0,0,0,0,0,0,0,0,0
7241 - Operai macchinari produz. in serie di mobili e articoli in legno,0,0,20,0,0,0,0,0,0,0,0,0,0,0,0,0,0,0,0,0,0,0,0,0,0,0,0,0
7251 - Conduttori di macchinari per tipografia e stampa su carta e cartone,0,0,0,0,0,0,0,0,0,0,0,0,0,0,0,0,0,0,0,0,0,0,0,0,0,0,0,0
7252 - Conduttori macchinari fabbricazione prodotti in carta e cartone,0,0,0,10,0,0,0,0,0,0,0,0,0,0,0,0,0,0,0,0,0,0,0,0,0,0,0,0
7253 - Conduttori di macchinari per rilegatura di libri e assimilati,0,0,0,0,0,0,0,0,0,0,0,0,0,0,0,0,0,0,0,0,0,0,0,0,0,0,0,0
7261 - Operai addetti a macchinari per la filatura e la bobinatura,0,20,0,0,0,0,0,0,0,0,0,0,0,0,0,0,0,0,0,0,0,0,0,0,0,0,0,0
7262 - Operai addetti a telai meccanici per la tessitura e la maglieria,0,30,0,0,0,0,0,0,0,0,0,0,0,0,0,0,0,0,0,0,0,0,0,0,0,0,0,0
7263 - Operai addetti macchinari confezioni abbigliamento in stoffa e assim.,0,20,0,0,0,0,0,0,0,0,0,0,0,0,0,0,0,0,0,0,0,0,0,0,0,0,0,0
7264 - Operai addetti macchinari trattamento filati e tessuti industriali,0,10,0,0,0,0,0,0,0,0,0,0,0,0,0,0,0,0,0,0,0,0,0,0,0,0,0,0
7265 - Operai addetti a macchinari per la stampa dei tessuti,0,0,0,0,0,0,0,0,0,0,0,0,0,0,0,0,0,0,0,0,0,0,0,0,0,0,0,0
7266 - Addetti macchinari preparazione e produz. in serie articoli in pelle,0,0,0,0,0,0,0,0,0,0,0,0,0,0,0,0,0,0,0,0,0,0,0,0,0,0,0,0
7267 - Addetti a macchinari per la produzione in serie di calzature,0,0,0,0,0,0,0,0,0,0,0,0,0,0,0,0,0,0,0,0,0,0,0,0,0,0,0,0
7271 - Assemblatori in serie di parti di macchine,0,0,0,0,0,0,0,0,10,0,0,0,0,0,0,0,0,0,0,0,0,0,0,0,0,0,0,0
7272 - Assemblatori e cablatori di apparecchiature elettriche,0,0,0,0,0,0,0,0,0,0,0,0,0,0,0,0,0,0,0,0,0,0,0,0,0,0,0,0
7273 - Assemblatori e cablatori apparecch. elettroniche e telecomunicazioni,0,0,0,0,0,0,0,0,0,0,0,0,0,0,0,0,0,0,0,0,0,0,0,0,0,0,0,0
"7274 - Assemblatori in serie articoli in metallo, gomma e materie plastiche",0,0,0,0,0,0,0,0,0,0,0,0,0,0,0,0,0,0,0,0,0,0,0,0,0,0,0,0
7275 - Assemblatori in serie di articoli in legno e in materiali assimilati,0,0,10,0,0,0,0,0,0,0,0,0,0,0,0,0,0,0,0,0,0,0,0,0,0,0,0,0
"7276 - Assemblatori in serie articoli in cartone, tessuto e materie assim.",0,0,0,0,0,0,0,0,0,0,0,0,0,0,0,0,0,0,0,0,0,0,0,0,0,0,0,0
7279 - Altri operai assemblaggio e produz. in serie di articoli industriali,0,0,0,0,0,0,0,0,0,0,0,0,0,0,0,0,0,0,0,0,0,0,0,0,0,0,0,0
7281 - Operai addetti a macchine confezionatrici di prodotti industriali,10,0,0,0,0,0,0,10,0,0,0,0,0,0,0,0,0,0,0,0,0,0,0,0,0,0,0,0
"7313 - Operai refrigeraz., trattamento igienico e prima trasformaz. del latte",0,0,0,0,0,0,0,0,0,0,0,0,0,0,0,0,0,0,0,0,0,0,0,0,0,0,0,0
7322 - Conduttori apparecchi lavoraz. industriale prodotti lattiero-caseari,0,0,0,0,0,0,0,0,0,0,0,0,0,0,0,0,0,0,0,0,0,0,0,0,0,0,0,0
7323 - Conduttori di macchinari industriali lavorazione cereali e spezie,10,0,0,0,0,0,0,0,0,0,0,0,0,0,0,0,0,0,0,0,0,0,0,0,0,0,0,0
"7324 - Conduttori macch. trattam. e conservaz. frutta, verdure, legumi e riso",0,0,0,0,0,0,0,0,0,0,0,0,0,0,0,0,0,0,0,0,0,0,0,0,0,0,0,0
"7326 - Conduttori macchinari preparaz. produz. the, caffÃ Â¨, cioccolata",0,0,0,0,0,0,0,0,0,0,0,0,0,0,0,0,0,0,0,0,0,0,0,0,0,0,0,0
7327 - Conduttori di macchinari per la lavorazione dei prodotti del tabacco,0,0,0,0,0,0,0,0,0,0,0,0,0,0,0,0,0,0,0,0,0,0,0,0,0,0,0,0
"7328 - Vinificatori, birrai, operai macch. produz. liquori e bevande analcol.",0,0,0,0,0,0,0,0,0,0,0,0,0,0,0,0,0,0,0,0,0,0,0,0,0,0,0,0
7329 - Conduttori macchinari produzione pasticceria e prodotti da forno,10,0,0,0,0,0,0,0,0,0,0,0,0,0,0,0,0,0,0,0,0,0,0,0,0,0,0,0
7411 - Conduttori di convogli ferroviari,0,0,0,0,0,0,0,0,0,0,0,0,0,0,0,0,0,0,0,0,0,0,0,0,0,0,0,0
"7412 - Operatori di verifica, circolazione e formazione treni",0,0,0,0,0,0,0,0,0,0,0,0,0,0,0,0,0,0,0,0,0,10,0,0,0,0,0,0
7413 - Manovratori di impianti a fune,0,0,0,0,0,0,0,0,0,0,0,0,0,0,0,0,0,0,0,0,0,0,0,0,0,0,0,0
"7421 - Autisti di taxi, conduttori di automobili, furgoni e altri veicoli",0,0,0,0,0,0,0,0,0,0,0,0,0,0,0,0,0,0,0,0,0,0,0,0,0,0,0,0
"7422 - Conduttori di autobus, di tram e di filobus",0,0,0,0,0,0,0,0,0,0,0,0,0,0,0,0,0,0,0,0,0,10,0,0,0,0,0,0
7423 - Conduttori di mezzi pesanti e camion,0,0,0,0,0,0,0,0,0,0,0,0,10,0,0,0,0,0,0,0,0,120,0,0,0,0,0,0
"7432 - Conduttori macch. raccoglitrici, mietritrici e pressatrici agricole",0,0,0,0,0,0,0,0,0,0,0,0,0,0,0,0,0,0,0,0,0,0,0,0,0,0,0,0
7441 - Conduttori di macchinari per il movimento terra,0,0,0,0,0,0,0,0,0,0,0,0,0,0,0,0,0,0,0,0,0,0,0,0,0,0,0,0
7442 - Conduttori di macchinari mobili per la perforazione nelle costruzioni,0,0,0,0,0,0,0,0,0,0,0,0,0,0,0,0,0,0,0,0,0,0,0,0,0,0,0,0
7443 - Conduttori di gru e di apparecchi di sollevamento,0,0,0,0,0,0,0,0,0,0,0,0,0,0,0,0,0,0,0,0,0,0,0,0,0,0,0,0
7444 - Conduttori di carrelli elevatori,0,0,0,0,0,0,0,0,0,0,0,0,0,0,0,0,0,0,0,0,0,0,0,0,0,0,0,0
7451 - Marinai di coperta,0,0,0,0,0,0,0,0,0,0,0,0,0,0,0,0,0,0,0,0,0,0,0,0,0,0,0,0
7453 - Conduttori di barche e battelli a motore,0,0,0,0,0,0,0,0,0,0,0,0,0,0,0,0,0,0,0,0,0,0,0,0,0,0,0,0
8121 - Uscieri e professioni assimilate,0,0,0,0,0,0,0,0,0,0,0,0,0,0,0,0,0,0,0,0,0,0,0,0,0,0,0,0
"8122 - Lettori di contatori, collettori di monete e professioni assimilate",0,0,0,0,0,0,0,0,0,0,0,0,0,0,0,0,10,0,0,0,0,0,0,0,0,0,0,0
"8131 - Facchini, addetti allo spostamento merci e assimilati",0,0,0,0,0,0,0,0,0,0,0,0,0,0,0,0,10,0,0,0,0,220,0,0,0,10,0,0
8132 - Personale non qualificato addetto all'imballaggio e al magazzino,0,0,30,0,0,10,0,0,0,0,0,0,0,0,0,0,10,0,0,0,0,0,0,0,0,0,0,0
8133 - Addetti alle consegne,0,0,0,0,0,0,0,0,0,0,0,0,0,0,0,0,0,0,0,0,20,0,0,0,0,0,0,0
8141 - Personale non qualif. addetto pulizia servizi alloggio e navi,0,0,0,0,0,0,0,0,0,0,0,0,0,0,0,0,0,0,0,0,0,0,0,0,0,0,0,0
8142 - Personale non qualificato nei servizi di ristorazione,0,0,0,0,0,0,0,0,0,0,0,0,0,0,0,0,0,0,0,0,0,0,0,0,0,10,0,0
8143 - Personale non qualif. servizi pulizia uffici ed esercizi commerciali,0,0,0,0,0,0,0,0,0,0,0,0,0,0,0,0,0,10,0,10,220,40,0,0,0,0,0,0
8144 - Addetti al lavaggio veicoli,0,0,0,0,0,0,0,0,0,0,0,0,0,0,0,0,0,0,0,0,0,0,0,0,0,0,0,0
8145 - Operatori ecologici e altri raccoglitori e separatori di rifiuti,0,0,0,0,0,0,0,0,0,0,0,0,20,0,0,0,0,0,0,0,0,0,0,0,0,0,0,0
8151 - Bidelli e professioni assimilate,0,0,0,0,0,0,0,0,0,0,0,0,0,0,0,0,0,0,0,0,0,0,0,0,0,0,0,0
8152 - Portantini e professioni assimilate,0,0,0,0,0,0,0,0,0,0,0,0,0,0,0,0,0,0,0,0,0,0,0,0,0,0,0,0
"8161 - Personale non qualif. servizi custodia di edifici, attrezzature e beni",0,0,0,0,0,0,0,0,0,0,0,0,0,0,0,0,0,0,0,0,0,0,0,0,0,0,0,0
8211 - Personale non qualificato nei servizi ricreativi e culturali,0,0,0,0,0,0,0,0,0,0,0,0,0,0,0,0,0,0,0,0,0,0,0,0,0,0,0,0
8311 - Braccianti agricoli,0,0,0,0,0,0,0,0,0,0,0,0,0,0,0,0,0,0,0,0,0,0,0,0,0,0,0,0
8312 - Personale non qualificato addetto alla manutenzione del verde,0,0,0,0,0,0,0,0,0,0,0,0,0,0,0,0,0,0,0,0,10,0,0,0,0,0,0,0
8322 - Personale non qualificato addetto alla cura degli animali,0,0,0,0,0,0,0,0,0,0,0,0,0,0,0,0,0,0,0,0,0,0,0,0,0,0,0,0
8411 - Manovali e altro personale non qualificato delle miniere e delle cave,0,0,0,0,0,0,0,0,0,0,0,0,0,0,0,0,0,0,0,0,0,0,0,0,0,0,0,0
8421 - Manovali e personale non qualif. edilizia civile e profess. assim.,0,0,0,0,0,0,0,0,0,0,0,0,0,10,0,0,0,0,0,0,0,0,0,0,0,0,0,0
"8422 - Manovali e personale non qualif. costruz., manutenz. opere pubbliche",0,0,0,0,0,0,0,0,0,0,0,0,0,10,0,0,0,0,0,0,0,0,0,0,0,0,0,0
8431 - Personale non qualificato attivitÃ Â  industriali e profess. assimilate,0,0,0,0,0,0,0,0,0,0,0,0,0,0,0,0,0,0,0,0,0,0,0,0,0,0,50,0