"1";"B1a";"Amministrazione e gestione di impresa";"Conoscenza dei principi e dei metodi che regolano l'impresa e la sua gestione relativi alla pianificazione strategica, all'allocazione delle risorse umane, finanziarie e materiali, alle tecniche di comando, ai metodi di produzione e al coordinamento delle persone e delle risorse"
"2";"B2a";"Lavoro d'ufficio";"Conoscenza delle procedure amministrative e d'ufficio, dei programmi di elaborazione di testi, delle tecniche di gestione di archivi e di basi di dati oppure della stenografia e delle regole di trascrizione o di altre procedure e linguaggi previsti dal lavoro d'ufficio"
"3";"B3a";"Economia e contabilit&agrave; ";"Conoscenza dei principi e delle pratiche di economia e contabilit&agrave;"
"4";"B4a";"Commercializzazione e vendita";"Conoscenza dei principi e dei metodi per presentare, promuovere, vendere prodotti o servizi. Comprende la definizione di strategie e delle tattiche di marketing, la loro presentazione, le tecniche di vendita e di controllo"
"5";"B5a";"Servizi ai clienti e alle persone";"Conoscenza dei principi e delle procedure per fornire servizi ai clienti e alle persone. Comprende la valutazione dei bisogni del cliente, il raggiungimento degli standard di qualit&agrave; e la valutazione della soddisfazione della clientela "
"6";"B6a";"Gestione del personale e delle risorse umane";"Conoscenza dei principi e delle procedure per il reclutamento, la selezione, la formazione, la retribuzione del personale per le relazioni e le negoziazioni sindacali e per la gestione di sistemi informativi del personale "
"7";"B7a";"Produzione e processo";"Conoscenza delle materie prime, dei processi di produzione, delle tecniche per il controllo di qualit&agrave;"
"8";"B8a";"Produzione alimentare";"Conoscenza delle tecniche e delle attrezzature necessarie alla semina, alla coltivazione e alla raccolta di prodotti alimentari (vegetali ed animali) destinati al consumo, comprese quelle relative alla conservazione/stoccaggio"
"9";"B9a";"Informatica ed elettronica";"Conoscenza dei circuiti elettronici, dei processori, dei chips delle attrezzature elettroniche, dell'hardware e dei software dei computer, compresa la conoscenza dei pacchetti applicativi e dei linguaggi di programmazione"
"10";"B10a";"Ingegneria e tecnologia";"Conoscenza delle applicazioni pratiche delle scienze ingegneristiche e della tecnologia. Comprende l'applicazione di principi, di tecniche, di procedure e l'uso di strumenti per progettare e produrre diversi beni o servizi"
"11";"B11a";"Progettazione tecnica";"Conoscenza delle tecniche di progettazione, degli strumenti e dei principi utilizzati nella esecuzione di progetti tecnici di precisione, di progetti di dettaglio, di disegni e di modelli"
"12";"B12a";"Edilizia e costruzioni";"Conoscenza dei materiali, dei metodi e degli strumenti usati nella costruzione e nella riparazione di case, edifici o altre strutture come autostrade e strade"
"13";"B13a";"Meccanica";"Conoscenza delle macchine e delle attrezzature, compresa la loro progettazione, il loro uso, la loro riparazione e manutenzione"
"14";"B14a";"Matematica";"Conoscenza dell'aritmetica, dell'algebra, della geometria, del calcolo, della statistica e delle loro applicazioni"
"15";"B15a";"Fisica";"Conoscenza dei principi e delle leggi della fisica, delle loro interrelazioni e delle loro applicazioni per capire la dinamica dei fluidi, dei materiali e dell'atmosfera e le strutture e i processi meccanici, elettrici, atomici e subatomici"
"16";"B16a";"Chimica";"Conoscenza della composizione, della struttura e delle propriet&agrave; delle sostanze, dei processi e delle trasformazioni chimiche sottostanti; ci&ograve; comprende l'uso dei prodotti chimici, la conoscenza delle loro interazioni, dei segnali di pericolo, delle tecniche di produzione dei prodotti chimici e dei metodi di bonifica"
"17";"B17a";"Biologia";"Conoscenza degli organismi animali e vegetali, dei loro tessuti, delle cellule, delle loro funzioni, interdipendenze e delle loro interazioni con l'ambiente"
"18";"B18a";"Psicologia";"Conoscenza del comportamento e delle prestazioni umane, delle differenze individuali nelle attitudini, nella personalit&agrave; e negli interessi, dei meccanismi di apprendimento e di motivazione, dei metodi della ricerca psicologica e della valutazione e del trattamento dei disordini comportamentali ed affettivi "
"19";"B19a";"Sociologia e antropologia";"Conoscenza del comportamento e delle dinamiche di gruppo, delle influenze e tendenze sociali, delle migrazioni umane, dell'etnicit&agrave;"
"20";"B20a";"Geografia";"Conoscenza dei principi e dei metodi per descrivere e rappresentare la terra, il mare e le masse d'aria, comprese le loro caratteristiche fisiche, le collocazioni, le interrelazioni e la distribuzione di piante, animali e gli insediamenti umani"
"21";"B21a";"Medicina e odontoiatria";"Conoscenza delle informazioni e delle tecniche necessarie a diagnosticare e a curare ferite, malattie e deformit&agrave; del corpo umano, compresa la conoscenza dei sintomi, delle cure alternative, delle propriet&agrave; e delle interazioni dei farmaci e delle  cure preventive"
"22";"B22a";"Terapia e consulenza psicologica";"Conoscenza dei principi, dei metodi e delle procedure per la diagnosi, il trattamento e la riabilitazione delle disfunzioni mentali e fisiche e per la consulenza e la guida nelle carriere"
"23";"B23a";"Istruzione e formazione";"Conoscenza dei principi e dei metodi per la progettazione formativa e curricolare, per l'insegnamento e l'addestramento collettivo ed individuale, per la misurazione degli effetti della formazione"
"24";"B24a";"Lingua italiana";"Conoscenza della struttura e dei contenuti della lingua italiana oppure del significato e della pronuncia delle parole, delle regole di composizione e della grammatica"
"25";"B25a";"Lingua straniera";"Conoscenza della struttura e dei contenuti di una lingua straniera oppure del significato e della pronuncia delle parole, delle regole di composizione e della grammatica"
"26";"B26a";"Arte";"Conoscenza della teoria e delle tecniche necessarie a comporre, produrre e realizzare musica, danza, arti visuali, drammi e sculture"
"27";"B27a";"Storia e archeologia";"Conoscenza degli eventi storici e delle loro cause, degli indicatori e degli effetti sulle civilizzazioni e sulle culture"
"28";"B28a";"Filosofia e teologia";"Conoscenza dei diversi sistemi filosofici e delle diverse religioni, dei principi di base, dei valori, dell'etica, dei modi di pensare, dei costumi, delle pratiche e del loro impatto sulla cultura"
"29";"B29a";"Protezione civile e sicurezza pubblica";"Conoscenza delle pi&ugrave; importanti attrezzature, delle politiche, delle procedure e delle strategie per promuovere effettive operazioni di sicurezza locale e nazionale per la protezione delle persone, delle informazioni, della propriet&agrave; e delle istituzioni"
"30";"B30a";"Legislazione e istituzioni";"Conoscenza delle leggi, delle procedure legali, dei regolamenti, delle sentenze esecutive, del ruolo delle istituzioni e delle procedure politiche di una democrazia"
"31";"B31a";"Telecomunicazioni";"Conoscenza delle trasmissioni, della radiodiffusione e delle modalit&agrave; di connessione e controllo dei sistemi di telecomunicazioni "
"32";"B32a";"Comunicazione e media";"Conoscenza della produzione dei mezzi di comunicazione, delle tecniche e dei metodi per diffondere informazioni, dei mezzi alternativi per informare e intrattenere in modo scritto, orale e visivo"
"33";"B33a";"Trasporti";"Conoscenza dei principi e dei metodi per trasportare persone o beni con mezzi aerei, ferroviari, navali o stradali; comprende le conoscenze necessarie per calcolare i costi e i benefici dei mezzi di trasporto"
"34";"B1b";"Amministrazione e gestione di impresa";"Conoscenza dei principi e dei metodi che regolano l'impresa e la sua gestione relativi alla pianificazione strategica, all'allocazione delle risorse umane, finanziarie e materiali, alle tecniche di comando, ai metodi di produzione e al coordinamento delle persone e delle risorse"
"35";"B2b";"Lavoro d'ufficio";"Conoscenza delle procedure amministrative e d'ufficio, dei programmi di elaborazione di testi, delle tecniche di gestione di archivi e di basi di dati oppure della stenografia e delle regole di trascrizione o di altre procedure e linguaggi previsti dal lavoro d'ufficio"
"36";"B3b";"Economia e contabilit&agrave; ";"Conoscenza dei principi e delle pratiche di economia e contabilit&agrave;"
"37";"B4b";"Commercializzazione e vendita";"Conoscenza dei principi e dei metodi per presentare, promuovere, vendere prodotti o servizi. Comprende la definizione di strategie e delle tattiche di marketing, la loro presentazione, le tecniche di vendita e di controllo"
"38";"B5b";"Servizi ai clienti e alle persone";"Conoscenza dei principi e delle procedure per fornire servizi ai clienti e alle persone. Comprende la valutazione dei bisogni del cliente, il raggiungimento degli standard di qualit&agrave; e la valutazione della soddisfazione della clientela "
"39";"B6b";"Gestione del personale e delle risorse umane";"Conoscenza dei principi e delle procedure per il reclutamento, la selezione, la formazione, la retribuzione del personale per le relazioni e le negoziazioni sindacali e per la gestione di sistemi informativi del personale "
"40";"B7b";"Produzione e processo";"Conoscenza delle materie prime, dei processi di produzione, delle tecniche per il controllo di qualit&agrave;"
"41";"B8b";"Produzione alimentare";"Conoscenza delle tecniche e delle attrezzature necessarie alla semina, alla coltivazione e alla raccolta di prodotti alimentari (vegetali ed animali) destinati al consumo, comprese quelle relative alla conservazione/stoccaggio"
"42";"B9b";"Informatica ed elettronica";"Conoscenza dei circuiti elettronici, dei processori, dei chips delle attrezzature elettroniche, dell'hardware e dei software dei computer, compresa la conoscenza dei pacchetti applicativi e dei linguaggi di programmazione"
"43";"B10b";"Ingegneria e tecnologia";"Conoscenza delle applicazioni pratiche delle scienze ingegneristiche e della tecnologia. Comprende l'applicazione di principi, di tecniche, di procedure e l'uso di strumenti per progettare e produrre diversi beni o servizi"
"44";"B11b";"Progettazione tecnica";"Conoscenza delle tecniche di progettazione, degli strumenti e dei principi utilizzati nella esecuzione di progetti tecnici di precisione, di progetti di dettaglio, di disegni e di modelli"
"45";"B12b";"Edilizia e costruzioni";"Conoscenza dei materiali, dei metodi e degli strumenti usati nella costruzione e nella riparazione di case, edifici o altre strutture come autostrade e strade"
"46";"B13b";"Meccanica";"Conoscenza delle macchine e delle attrezzature, compresa la loro progettazione, il loro uso, la loro riparazione e manutenzione"
"47";"B14b";"Matematica";"Conoscenza dell'aritmetica, dell'algebra, della geometria, del calcolo, della statistica e delle loro applicazioni"
"48";"B15b";"Fisica";"Conoscenza dei principi e delle leggi della fisica, delle loro interrelazioni e delle loro applicazioni per capire la dinamica dei fluidi, dei materiali e dell'atmosfera e le strutture e i processi meccanici, elettrici, atomici e subatomici"
"49";"B16b";"Chimica";"Conoscenza della composizione, della struttura e delle propriet&agrave; delle sostanze, dei processi e delle trasformazioni chimiche sottostanti; ci&ograve; comprende l'uso dei prodotti chimici, la conoscenza delle loro interazioni, dei segnali di pericolo, delle tecniche di produzione dei prodotti chimici e dei metodi di bonifica"
"50";"B17b";"Biologia";"Conoscenza degli organismi animali e vegetali, dei loro tessuti, delle cellule, delle loro funzioni, interdipendenze e delle loro interazioni con l'ambiente"
"51";"B18b";"Psicologia";"Conoscenza del comportamento e delle prestazioni umane, delle differenze individuali nelle attitudini, nella personalit&agrave; e negli interessi, dei meccanismi di apprendimento e di motivazione, dei metodi della ricerca psicologica e della valutazione e del trattamento dei disordini comportamentali ed affettivi "
"52";"B19b";"Sociologia e antropologia";"Conoscenza del comportamento e delle dinamiche di gruppo, delle influenze e tendenze sociali, delle migrazioni umane, dell'etnicit&agrave;"
"53";"B20b";"Geografia";"Conoscenza dei principi e dei metodi per descrivere e rappresentare la terra, il mare e le masse d'aria, comprese le loro caratteristiche fisiche, le collocazioni, le interrelazioni e la distribuzione di piante, animali e gli insediamenti umani"
"54";"B21b";"Medicina e odontoiatria";"Conoscenza delle informazioni e delle tecniche necessarie a diagnosticare e a curare ferite, malattie e deformit&agrave; del corpo umano, compresa la conoscenza dei sintomi, delle cure alternative, delle propriet&agrave; e delle interazioni dei farmaci e delle  cure preventive"
"55";"B22b";"Terapia e consulenza psicologica";"Conoscenza dei principi, dei metodi e delle procedure per la diagnosi, il trattamento e la riabilitazione delle disfunzioni mentali e fisiche e per la consulenza e la guida nelle carriere"
"56";"B23b";"Istruzione e formazione";"Conoscenza dei principi e dei metodi per la progettazione formativa e curricolare, per l'insegnamento e l'addestramento collettivo ed individuale, per la misurazione degli effetti della formazione"
"57";"B24b";"Lingua italiana";"Conoscenza della struttura e dei contenuti della lingua italiana oppure del significato e della pronuncia delle parole, delle regole di composizione e della grammatica"
"58";"B25b";"Lingua straniera";"Conoscenza della struttura e dei contenuti di una lingua straniera oppure del significato e della pronuncia delle parole, delle regole di composizione e della grammatica"
"59";"B26b";"Arte";"Conoscenza della teoria e delle tecniche necessarie a comporre, produrre e realizzare musica, danza, arti visuali, drammi e sculture"
"60";"B27b";"Storia e archeologia";"Conoscenza degli eventi storici e delle loro cause, degli indicatori e degli effetti sulle civilizzazioni e sulle culture"
"61";"B28b";"Filosofia e teologia";"Conoscenza dei diversi sistemi filosofici e delle diverse religioni, dei principi di base, dei valori, dell'etica, dei modi di pensare, dei costumi, delle pratiche e del loro impatto sulla cultura"
"62";"B29b";"Protezione civile e sicurezza pubblica";"Conoscenza delle pi&ugrave; importanti attrezzature, delle politiche, delle procedure e delle strategie per promuovere effettive operazioni di sicurezza locale e nazionale per la protezione delle persone, delle informazioni, della propriet&agrave; e delle istituzioni"
"63";"B30b";"Legislazione e istituzioni";"Conoscenza delle leggi, delle procedure legali, dei regolamenti, delle sentenze esecutive, del ruolo delle istituzioni e delle procedure politiche di una democrazia"
"64";"B31b";"Telecomunicazioni";"Conoscenza delle trasmissioni, della radiodiffusione e delle modalit&agrave; di connessione e controllo dei sistemi di telecomunicazioni "
"65";"B32b";"Comunicazione e media";"Conoscenza della produzione dei mezzi di comunicazione, delle tecniche e dei metodi per diffondere informazioni, dei mezzi alternativi per informare e intrattenere in modo scritto, orale e visivo"
"66";"B33b";"Trasporti";"Conoscenza dei principi e dei metodi per trasportare persone o beni con mezzi aerei, ferroviari, navali o stradali; comprende le conoscenze necessarie per calcolare i costi e i benefici dei mezzi di trasporto"
"67";"C1a";"Comprendere testi scritti";"Comprendere frasi e paragrafi scritti in documenti relativi al lavoro"
"68";"C2a";"Ascoltare attivamente";"Fare piena attenzione a quello che altri stanno dicendo, soffermandosi per capirne i punti essenziali, ponendo domande al momento opportuno ed evitando interruzioni inappropriate"
"69";"C3a";"Scrivere";"Comunicare efficacemente per iscritto ed in modo appropriato rispetto alle esigenze dei destinatari."
"70";"C4a";"Parlare";"Parlare ad altri per comunicare informazioni in modo efficace"
"71";"C5a";"Matematica";"Usare la matematica per risolvere dei problemi."
"72";"C6a";"Scienze";"Applicare regole e metodi scientifici per risolvere problemi."
"73";"C7a";"Pensiero critico ";"Usare la logica e il ragionamento per individuare i punti di forza e di debolezza di soluzioni, conclusioni o approcci alternativi ai problemi."
"74";"C8a";"Apprendimento attivo";"Comprendere le implicazioni di nuove informazioni per la soluzione di problemi presenti, futuri e per i processi decisionali"
"75";"C9a";"Strategie di apprendimento";"Selezionare ed utilizzare metodi e procedure formative appropriate per apprendere o insegnare ad apprendere"
"76";"C10a";"Monitorare";"Monitorare e valutare le prestazioni lavorative personali, di altre persone o di organizzazioni per migliorarle o correggerle"
"77";"C11a";"Percezione sociale";"Comprendere le reazioni degli altri e il perch&egrave; reagiscano in determinati modi"
"78";"C12a";"Coordinarsi con gli altri";"Coordinare le proprie azioni a quelle degli altri"
"79";"C13a";"Persuadere";"Persuadere gli altri a cambiare opinioni o comportamenti"
"80";"C14a";"Negoziare";"Discutere e trattare con gli altri per trovare un accordo e cercare di ricomporre opinioni diverse"
"81";"C15a";"Istruire";"Insegnare ad altri come fare determinate cose"
"82";"C16a";"Orientamento al servizio";"Cercare in modo attivo soluzioni per soddisfare le esigenze degli altri"
"83";"C17a";"Risolvere problemi complessi";"Identificare problemi complessi e raccogliere le informazioni utili a valutare possibili opzioni e trovare soluzioni"
"84";"C18a";"Analisi delle fasi operative";"Analizzare le caratteristiche e i requisiti di strumenti, servizi o prodotti necessari alla realizzazione di un progetto"
"85";"C19a";"Progettazione tecnologica";"Produrre o adattare attrezzature e tecnologie per far fronte ai bisogni degli utenti"
"86";"C20a";"Selezionare strumenti";"Individuare gli strumenti necessari per lo svolgimento di un lavoro."
"87";"C21a";"Installare";"Installare attrezzature, macchine, cavi o programmi applicando le specifiche tecniche"
"88";"C22a";"Programmare";"Scrivere programmi per computer per vari scopi"
"89";"C23a";"Controllo di qualit&agrave;";"Condurre test ed ispezioni su prodotti, servizi o processi per valutarne la qualit&agrave; o le prestazioni"
"90";"C24a";"Sorvegliare macchine";"Controllare misure di livello, quadranti o altri indicatori per assicurarsi del corretto funzionamento di una macchina"
"91";"C25a";"Far funzionare e controllare";"Controllare le operazioni e l'attivit&agrave; di attrezzature e sistemi"
"92";"C26a";"Manutenzione";"Effettuare manutenzioni ordinarie sulle attrezzature e definire quando e che tipo di manutenzione &egrave; necessaria"
"93";"C27a";"Risolvere problemi ";"Determinare le cause di errori di funzionamento e decidere cosa fare per risolverli"
"94";"C28a";"Riparare";"Riparare macchinari o sistemi usando le attrezzature opportune"
"95";"C29a";"Analizzare sistemi";"Determinare come dovrebbe funzionare un “sistema” (ovvero macchine, fabbriche, organizzazioni, ambienti) e come cambiamenti ambientali, operativi o di situazione possano influire sui suoi risultati"
"96";"C30a";"Valutare sistemi";"Identificare misure o indicatori delle prestazioni di un sistema (ovvero macchine, fabbriche, organizzazioni, ambienti) e le azioni necessarie per migliorarle o correggerle in relazione agli obiettivi del sistema stesso"
"97";"C31a";"Valutare e decidere";"Valutare i costi e i benefici di possibili azioni per scegliere la pi&ugrave; opportuna"
"98";"C32a";"Gestire il tempo";"Gestire il proprio tempo e quello altrui"
"99";"C33a";"Gestire risorse finanziarie";"Determinare quanto denaro sia necessario spendere per fare un lavoro e contabilizzare le spese"
"100";"C34a";"Gestire risorse materiali";"Ottenere ed occuparsi dell'uso appropriato di attrezzature, strumenti e materiali necessari a svolgere un lavoro"
"101";"C35a";"Gestire risorse umane";"Motivare, far crescere e dirigere il personale e individuare il personale pi&ugrave; adatto ad un lavoro "
"102";"C1b";"Comprendere testi scritti";"Comprendere frasi e paragrafi scritti in documenti relativi al lavoro"
"103";"C2b";"Ascoltare attivamente";"Fare piena attenzione a quello che altri stanno dicendo, soffermandosi per capirne i punti essenziali, ponendo domande al momento opportuno ed evitando interruzioni inappropriate"
"104";"C3b";"Scrivere";"Comunicare efficacemente per iscritto ed in modo appropriato rispetto alle esigenze dei destinatari."
"105";"C4b";"Parlare";"Parlare ad altri per comunicare informazioni in modo efficace"
"106";"C5b";"Matematica";"Usare la matematica per risolvere dei problemi."
"107";"C6b";"Scienze";"Applicare regole e metodi scientifici per risolvere problemi."
"108";"C7b";"Senso critico";"Usare la logica e il ragionamento per individuare i punti di forza e di debolezza di soluzioni, conclusioni o approcci alternativi ai problemi."
"109";"C8b";"Apprendimento attivo";"Comprendere le implicazioni di nuove informazioni per la soluzione di problemi presenti, futuri e per i processi decisionali"
"110";"C9b";"Strategie di apprendimento";"Selezionare ed utilizzare metodi e procedure formative appropriate per apprendere o insegnare ad apprendere"
"111";"C10b";"Monitorare";"Monitorare e valutare le prestazioni lavorative personali, di altre persone o di organizzazioni per migliorarle o correggerle"
"112";"C11b";"Percezione sociale";"Comprendere le reazioni degli altri e il perch&egrave; reagiscano in determinati modi"
"113";"C12b";"Coordinarsi con gli altri";"Coordinare le proprie azioni a quelle degli altri"
"114";"C13b";"Persuadere";"Persuadere gli altri a cambiare opinioni o comportamenti"
"115";"C14b";"Negoziare";"Discutere e trattare con gli altri per trovare un accordo e cercare di ricomporre opinioni diverse"
"116";"C15b";"Istruire";"Insegnare ad altri come fare determinate cose"
"117";"C16b";"Orientamento al servizio";"Cercare in modo attivo soluzioni per soddisfare le esigenze degli altri"
"118";"C17b";"Risolvere problemi complessi";"Identificare problemi complessi e raccogliere le informazioni utili a valutare possibili opzioni e trovare soluzioni"
"119";"C18b";"Analisi delle fasi operative";"Analizzare le caratteristiche e i requisiti di strumenti, servizi o prodotti necessari alla realizzazione di un progetto"
"120";"C19b";"Progettazione tecnologica";"Produrre o adattare attrezzature e tecnologie per far fronte ai bisogni degli utenti"
"121";"C20b";"Selezionare strumenti";"Individuare gli strumenti necessari per lo svolgimento di un lavoro."
"122";"C21b";"Installare";"Installare attrezzature, macchine, cavi o programmi applicando le specifiche tecniche"
"123";"C22b";"Programmare";"Scrivere programmi per computer per vari scopi"
"124";"C23b";"Controllo di qualit&agrave;";"Condurre test ed ispezioni su prodotti, servizi o processi per valutarne la qualit&agrave; o le prestazioni"
"125";"C24b";"Sorvegliare macchine";"Controllare misure di livello, quadranti o altri indicatori per assicurarsi del corretto funzionamento di una macchina"
"126";"C25b";"Far funzionare e controllare";"Controllare le operazioni e l'attivit&agrave; di attrezzature e sistemi"
"127";"C26b";"Manutenzione";"Effettuare manutenzioni ordinarie sulle attrezzature e definire quando e che tipo di manutenzione &egrave; necessaria"
"128";"C27b";"Risolvere problemi ";"Determinare le cause di errori di funzionamento e decidere cosa fare per risolverli"
"129";"C28b";"Riparare";"Riparare macchinari o sistemi usando le attrezzature opportune"
"130";"C29b";"Analizzare sistemi";"Determinare come dovrebbe funzionare un “sistema” (ovvero macchine, fabbriche, organizzazioni, ambienti) e come cambiamenti ambientali, operativi o di situazione possano influire sui suoi risultati"
"131";"C30b";"Valutare sistemi";"Identificare misure o indicatori delle prestazioni di un sistema (ovvero macchine, fabbriche, organizzazioni, ambienti) e le azioni necessarie per migliorarle o correggerle in relazione agli obiettivi del sistema stesso"
"132";"C31b";"Valutare e decidere";"Valutare i costi e i benefici di possibili azioni per scegliere la pi&ugrave; opportuna"
"133";"C32b";"Gestire il tempo";"Gestire il proprio tempo e quello altrui"
"134";"C33b";"Gestire risorse finanziarie";"Determinare quanto denaro sia necessario spendere per fare un lavoro e contabilizzare le spese"
"135";"C34b";"Gestire risorse materiali";"Ottenere ed occuparsi dell'uso appropriato di attrezzature, strumenti e materiali necessari a svolgere un lavoro"
"136";"C35b";"Gestire risorse umane";"Motivare, far crescere e dirigere il personale e individuare il personale pi&ugrave; adatto ad un lavoro "
"137";"D1a";"Comprendere comunicazioni in forma orale";"Attitudine ad ascoltare e comprendere informazioni ed idee presentate in forma parlata"
"138";"D2a";"Comprendere comunicazioni in forma scritta";"Attitudine a leggere e comprendere informazioni ed idee esposte in forma scritta"
"139";"D3a";"Esprimersi in forma orale ";"Attitudine a comunicare informazioni e idee parlando in modo che altri capiscano"
"140";"D4a";"Esprimersi in forma scritta ";"Attitudine a comunicare informazioni ed idee scrivendo in modo che altri capiscano"
"141";"D5a";"Produzione di idee";"Attitudine a presentare un elevato numero di idee su un argomento (&egrave; importante il numero di idee, non la qualit&agrave;"
"142";"D6a";"Originalit&agrave;";"Attitudine a produrre idee insolite e argute su questioni o situazioni date o a individuare soluzioni creative per risolvere un problema"
"143";"D7a";"Riconoscere i problemi";"Attitudine a capire che qualcosa non va o che andr&agrave; male. (Ci si riferisce all'attitudine a riconoscere i problemi e non alla loro soluzione)"
"144";"D8a";"Ragionamento deduttivo";"Attitudine ad applicare regole generali a problemi particolari per trovare soluzioni sensate"
"145";"D9a";"Ragionamento induttivo";"Attitudine a combinare pezzi di informazione per individuare regole o conclusioni generalizzabili (inclusa l'individuazione di relazioni tra eventi apparentemente non correlati)"
"146";"D10a";"Ordinare informazioni";"Attitudine a disporre cose e azioni in un particolare ordine o secondo particolari modalit&agrave;"
"147";"D11a";"Flessibilit&agrave; nel classificare";"Attitudine a produrre o a utilizzare criteri diversi o regole diverse per combinare o raggruppare cose in vario modo"
"148";"D12a";"Ragionamento matematico";"Attitudine nello scegliere i metodi o le formule matematiche pi&ugrave; opportune per risolvere un problema"
"149";"D13a";"Confidenza con i numeri";"Attitudine ad addizionare, sottrarre, moltiplicare o dividere rapidamente e correttamente"
"150";"D14a";"Memorizzare";"Attitudine a ricordare informazioni (parole, numeri, figure, procedure,..)"
"151";"D15a";"Rapidit&agrave; a giungere ad una conclusione";"Attitudine a cogliere rapidamente il senso, a combinare e ad organizzare informazioni in dimensioni significative"
"152";"D16a";"Flessibilit&agrave; a giungere ad una conclusione ";"Attitudine a identificare o cogliere qualcosa di conosciuto (un disegno, un oggetto, una parola o un suono) nascosto fra altri disposti confusamente"
"153";"D17a";"Rapidit&agrave; nella percezione";"Attitudine a confrontare rapidamente e con accuratezza similarit&agrave; e differenze fra gruppi di lettere, numeri, oggetti, figure o disegni presentati nello stesso tempo o uno dopo l'altro"
"154";"D18a";"Orientamento nello spazio";"Attitudine ad individuare la propria posizione rispetto all'ambiente o ad individuare come altri oggetti sono posizionati rispetto a se stessi"
"155";"D19a";"Visualizzazione";"Attitudine ad immaginare come sembrer&agrave; qualcosa dopo averla spostata o quando le sue parti verranno spostate o riorganizzate"
"156";"D20a";"Attenzione selettiva";"Attitudine a concentrarsi su un compito per un lungo periodo senza distrarsi"
"157";"D21a";"Attenzione distribuita";"Attitudine a seguire contemporaneamente due o pi&ugrave; diverse attivit&agrave; o fonti di informazione"
"158";"D22a";"Fermezza braccia-mani";"Attitudine a mantener fermi braccio e mano quando si muove il braccio o quando li si tiene sollevati in una posizione"
"159";"D23a";"Destrezza delle mani";"Attitudine a muovere velocemente la mano, la mano e il braccio insieme o entrambe le mani per afferrare, manipolare o assemblare oggetti"
"160";"D24a";"Destrezza delle dita";"Attitudine ad effettuare movimenti precisi coordinati delle dita di una o di entrambe le mani per afferrare, manipolare o assemblare oggetti molto piccoli"
"161";"D25a";"Precisione";"Attitudine a tarare velocemente e ripetutamente i controlli di una macchina o di un veicolo sulla esatta posizione"
"162";"D26a";"Coordinazione multipla degli arti";"Attitudine a coordinare due o pi&ugrave; arti (due braccia, due gambe, un braccio e una gamba, ecc.) stando seduti, in piedi o sdraiati. Non comprende lo svolgimento di attivit&agrave; quando l'intero corpo &egrave; in movimento"
"163";"D27a";"Orientamento alla risposta";"Attitudine a scegliere rapidamente fra due o pi&ugrave; movimenti in risposta a due o pi&ugrave; segnali (luci, suoni, immagini). Comprende la velocit&agrave; con cui la risposta corretta parte dalle mani, dai piedi o da altre parti del corpo"
"164";"D28a";"Adattare i movimenti";"Attitudine a regolare i propri movimenti o il movimento di un elemento di un'attrezzatura, anticipando i cambiamenti nella velocit&agrave; e/o nella direzione di un oggetto in movimento "
"165";"D29a";"Reattivit&agrave;";"Attitudine a rispondere rapidamente (con mani, dita o piedi) ad un segnale (suoni, luci, immagini)"
"166";"D30a";"Velocit&agrave; polso-dita";"Attitudine a effettuare movimenti rapidi, semplici e ripetuti delle dita, delle mani e dei polsi"
"167";"D31a";"Velocit&agrave; nel muovere gli arti";"Attitudine a muovere rapidamente braccia e gambe"
"168";"D32a";"Forza statica";"Attitudine ad esercitare il massimo della forza muscolare per sollevare, spingere, tirare o trasportare oggetti"
"169";"D33a";"Forza esplosiva";"Attitudine ad esercitare slanci istantanei di forza muscolare per spingersi (saltare o scattare) o per lanciare un oggetto"
"170";"D34a";"Forza dinamica";"Attitudine ad esercitare nel tempo la forza muscolare in modo ripetuto e continuato. Comprende la resistenza dei muscoli e al lavoro muscolare"
"171";"D35a";"Forza del busto";"Attitudine ad usare i muscoli addominali e lombari per reggere il corpo in modo continuato e ripetuto nel tempo senza affaticarsi o cedere allo sforzo"
"172";"D36a";"Resistenza";"Attitudine a fare attivit&agrave; fisica per lunghi periodi di tempo senza iperventilare o rimanere senza fiato"
"173";"D37a";"Flessibilit&agrave; di estensione";"Attitudine a piegare, allungare, ruotare o stendere il corpo, le braccia o le gambe"
"174";"D38a";"Flessibilit&agrave; dinamica";"Attitudine a piegare, allungare, ruotare o stendere il corpo, le braccia o le gambe rapidamente e ripetutamente"
"175";"D39a";"Coordinamento complessivo del corpo";"Attitudine a coordinare contemporaneamente i movimenti di braccia, gambe e busto quando l'intero corpo &egrave; in movimento"
"176";"D40a";"Equilibrio complessivo del corpo";"Attitudine a mantenere o a riguadagnare l'equilbrio del corpo o a stare dritto in una situazione instabile"
"177";"D41a";"Visione da vicino";"Attitudine a vedere dettagli in un campo visivo ravvicinato (pochi centimetri dall'osservatore)"
"178";"D42a";"Visione da lontano";"Attitudine a vedere dettagli da lontano"
"179";"D43a";"Discriminazione dei colori";"Attitudine a contrapporre o a rilevare differenze fra colori, comprese sfumature e luminosit&agrave;"
"180";"D44a";"Visione notturna";"Attitudine a vedere in condizioni di bassa luminosit&agrave;"
"181";"D45a";"Visione periferica";"Attitudine a vedere oggetti o movimenti di oggetti su di un lato mentre si guarda in avanti"
"182";"D46a";"Percezione della distanza degli oggetti";"Attitudine a valutare fra pl&ugrave; oggetti quale sia pi&ugrave; vicino o pi&ugrave; lontano o a valutare la distanza fra s&egrave; e un oggetto"
"183";"D47a";"Sensibilit&agrave; all'abbagliamento";"Attitudine a vedere oggetti in presenza di abbagliamenti o di forte luminosit&agrave;"
"184";"D48a";"Sensibilit&agrave; dell'udito";"Attitudine ad individuare o descrivere le differenze fra suoni che cambiano in altezza e sonorit&agrave;"
"185";"D49a";"Attenzione uditiva";"Attitudine a mettere a fuoco una singola sorgente sonora in presenza di altri suoni confusi"
"186";"D50a";"Localizzazione del suono";"Attitudine ad individuare da quale direzione proviene un suono"
"187";"D51a";"Riconoscimento della voce";"Attitudine ad identificare e a capire la voce e quello che un'altra persona sta dicendo"
"188";"D52a";"Chiarezza del parlato";"Attitudine a parlare con chiarezza in modo che altri possano capire"
"189";"D1b";"Comprendere comunicazioni in forma orale";"Attitudine ad ascoltare e comprendere informazioni ed idee presentate in forma parlata"
"190";"D2b";"Comprendere comunicazioni in forma scritta";"Attitudine a leggere e comprendere informazioni ed idee esposte in forma scritta"
"191";"D3b";"Esprimersi in forma orale ";"Attitudine a comunicare informazioni e idee parlando in modo che altri capiscano"
"192";"D4b";"Esprimersi in forma scritta ";"Attitudine a comunicare informazioni ed idee scrivendo in modo che altri capiscano"
"193";"D5b";"Produzione di idee";"Attitudine a presentare un elevato numero di idee su un argomento (&egrave; importante il numero di idee, non la qualit&agrave;"
"194";"D6b";"Originalit&agrave;";"Attitudine a produrre idee insolite e argute su questioni o situazioni date o a individuare soluzioni creative per risolvere un problema"
"195";"D7b";"Riconoscere i problemi";"Attitudine a capire che qualcosa non va o che andr&agrave; male. (Ci si riferisce all'attitudine a riconoscere i problemi e non alla loro soluzione)"
"196";"D8b";"Ragionamento deduttivo";"Attitudine ad applicare regole generali a problemi particolari per trovare soluzioni sensate"
"197";"D9b";"Ragionamento induttivo";"Attitudine a combinare pezzi di informazione per individuare regole o conclusioni generalizzabili (inclusa l'individuazione di relazioni tra eventi apparentemente non correlati)"
"198";"D10b";"Ordinare informazioni";"Attitudine a disporre cose e azioni in un particolare ordine o secondo particolari modalit&agrave;"
"199";"D11b";"Flessibilit&agrave; nel classificare";"Attitudine a produrre o a utilizzare criteri diversi o regole diverse per combinare o raggruppare cose in vario modo"
"200";"D12b";"Ragionamento matematico";"Attitudine nello scegliere i metodi o le formule matematiche pi&ugrave; opportune per risolvere un problema"
"201";"D13b";"Confidenza con i numeri";"Attitudine ad addizionare, sottrarre, moltiplicare o dividere rapidamente e correttamente"
"202";"D14b";"Memorizzare";"Attitudine a ricordare informazioni (parole, numeri, figure, procedure,..)"
"203";"D15b";"Rapidit&agrave; a giungere ad una conclusione";"Attitudine a cogliere rapidamente il senso, a combinare e ad organizzare informazioni in dimensioni significative"
"204";"D16b";"Flessibilit&agrave; a giungere ad una conclusione ";"Attitudine a identificare o cogliere qualcosa di conosciuto (un disegno, un oggetto, una parola o un suono) nascosto fra altri disposti confusamente"
"205";"D17b";"Rapidit&agrave; nella percezione";"Attitudine a confrontare rapidamente e con accuratezza similarit&agrave; e differenze fra gruppi di lettere, numeri, oggetti, figure o disegni presentati nello stesso tempo o uno dopo l'altro"
"206";"D18b";"Orientamento nello spazio";"Attitudine ad individuare la propria posizione rispetto all'ambiente o ad individuare come altri oggetti sono posizionati rispetto a se stessi"
"207";"D19b";"Visualizzazione";"Attitudine ad immaginare come sembrer&agrave; qualcosa dopo averla spostata o quando le sue parti verranno spostate o riorganizzate"
"208";"D20b";"Attenzione selettiva";"Attitudine a concentrarsi su un compito per un lungo periodo senza distrarsi"
"209";"D21b";"Attenzione distribuita";"Attitudine a seguire contemporaneamente due o pi&ugrave; diverse attivit&agrave; o fonti di informazione"
"210";"D22b";"Fermezza braccia-mani";"Attitudine a mantener fermi braccio e mano quando si muove il braccio o quando li si tiene sollevati in una posizione"
"211";"D23b";"Destrezza delle mani";"Attitudine a muovere velocemente la mano, la mano e il braccio insieme o entrambe le mani per afferrare, manipolare o assemblare oggetti"
"212";"D24b";"Destrezza delle dita";"Attitudine ad effettuare movimenti precisi coordinati delle dita di una o di entrambe le mani per afferrare, manipolare o assemblare oggetti molto piccoli"
"213";"D25b";"Precisione";"Attitudine a tarare velocemente e ripetutamente i controlli di una macchina o di un veicolo sulla esatta posizione"
"214";"D26b";"Coordinazione multipla degli arti";"Attitudine a coordinare due o pi&ugrave; arti (due braccia, due gambe, un braccio e una gamba, ecc.) stando seduti, in piedi o sdraiati. Non comprende lo svolgimento di attivit&agrave; quando l'intero corpo &egrave; in movimento"
"215";"D27b";"Orientamento alla risposta";"Attitudine a scegliere rapidamente fra due o pi&ugrave; movimenti in risposta a due o pi&ugrave; segnali (luci, suoni, immagini). Comprende la velocit&agrave; con cui la risposta corretta parte dalle mani, dai piedi o da altre parti del corpo"
"216";"D28b";"Adattare i movimenti";"Attitudine a regolare i propri movimenti o il movimento di un elemento di un'attrezzatura, anticipando i cambiamenti nella velocit&agrave; e/o nella direzione di un oggetto in movimento "
"217";"D29b";"Reattivit&agrave;";"Attitudine a rispondere rapidamente (con mani, dita o piedi) ad un segnale (suoni, luci, immagini)"
"218";"D30b";"Velocit&agrave; polso-dita";"Attitudine a effettuare movimenti rapidi, semplici e ripetuti delle dita, delle mani e dei polsi"
"219";"D31b";"Velocit&agrave; nel muovere gli arti";"Attitudine a muovere rapidamente braccia e gambe"
"220";"D32b";"Forza statica";"Attitudine ad esercitare il massimo della forza muscolare per sollevare, spingere, tirare o trasportare oggetti"
"221";"D33b";"Forza esplosiva";"Attitudine ad esercitare slanci istantanei di forza muscolare per spingersi (saltare o scattare) o per lanciare un oggetto"
"222";"D34b";"Forza dinamica";"Attitudine ad esercitare nel tempo la forza muscolare in modo ripetuto e continuato. Comprende la resistenza dei muscoli e al lavoro muscolare"
"223";"D35b";"Forza del busto";"Attitudine ad usare i muscoli addominali e lombari per reggere il corpo in modo continuato e ripetuto nel tempo senza affaticarsi o cedere allo sforzo"
"224";"D36b";"Resistenza";"Attitudine a fare attivit&agrave; fisica per lunghi periodi di tempo senza iperventilare o rimanere senza fiato"
"225";"D37b";"Flessibilit&agrave; di estensione";"Attitudine a piegare, allungare, ruotare o stendere il corpo, le braccia o le gambe"
"226";"D38b";"Flessibilit&agrave; dinamica";"Attitudine a piegare, allungare, ruotare o stendere il corpo, le braccia o le gambe rapidamente e ripetutamente"
"227";"D39b";"Coordinamento complessivo del corpo";"Attitudine a coordinare contemporaneamente i movimenti di braccia, gambe e busto quando l'intero corpo &egrave; in movimento"
"228";"D40b";"Equilibrio complessivo del corpo";"Attitudine a mantenere o a riguadagnare l'equilbrio del corpo o a stare dritto in una situazione instabile"
"229";"D41b";"Visione da vicino";"Attitudine a vedere dettagli in un campo visivo ravvicinato (pochi centimetri dall'osservatore)"
"230";"D42b";"Visione da lontano";"Attitudine a vedere dettagli da lontano"
"231";"D43b";"Discriminazione dei colori";"Attitudine a contrapporre o a rilevare differenze fra colori, comprese sfumature e luminosit&agrave;"
"232";"D44b";"Visione notturna";"Attitudine a vedere in condizioni di bassa luminosit&agrave;"
"233";"D45b";"Visione periferica";"Attitudine a vedere oggetti o movimenti di oggetti su di un lato mentre si guarda in avanti"
"234";"D46b";"Percezione della distanza degli oggetti";"Attitudine a valutare fra pl&ugrave; oggetti quale sia pi&ugrave; vicino o pi&ugrave; lontano o a valutare la distanza fra s&egrave; e un oggetto"
"235";"D47b";"Sensibilit&agrave; all'abbagliamento";"Attitudine a vedere oggetti in presenza di abbagliamenti o di forte luminosit&agrave;"
"236";"D48b";"Sensibilit&agrave; dell'udito";"Attitudine ad individuare o descrivere le differenze fra suoni che cambiano in altezza e sonorit&agrave;"
"237";"D49b";"Attenzione uditiva";"Attitudine a mettere a fuoco una singola sorgente sonora in presenza di altri suoni confusi"
"238";"D50b";"Localizzazione del suono";"Attitudine ad individuare da quale direzione proviene un suono"
"239";"D51b";"Riconoscimento della voce";"Attitudine ad identificare e a capire la voce e quello che un'altra persona sta dicendo"
"240";"D52b";"Chiarezza del parlato";"Attitudine a parlare con chiarezza in modo che altri possano capire"
"241";"G1a";"Raccogliere informazioni";"Osservare, ricevere o ottenere in qualunque altro modo informazioni da fonti rilevanti"
"242";"G2a";"Identificare oggetti, azioni ed eventi";"Identificare informazioni catalogando, valutando e riconoscendo differenze e similarit&agrave;"
"243";"G3a";"Controllare processi, materiali o ambienti circostanti";"Controllare e rivedere informazioni provenienti da materiali, dagli eventi o dall'ambiente per individuare o valutare problemi"
"244";"G4a";"Ispezionare attrezzature, strutture o materiali";"Ispezionare attrezzature, strutture o materiali per individuare cause di errore, o altri problemi o difetti"
"245";"G5a";"Stimare le caratteristiche quantificabili di prodotti, eventi o informazioni";"Stimare misure, distanze e quantit&agrave; o determinare tempi, costi, risorse o materiali necessari per svolgere una determinata attivit&agrave; lavorativa."
"246";"G6a";"Valutare la qualit&agrave; di oggetti, servizi o persone";"Stimare il valore, l'importanza o la qualit&agrave; di cose o persone"
"247";"G7a";"Valutare informazioni per determinare la conformit&agrave; agli standard";"Utilizzare informazioni rilevanti e pareri individuali per determinare se eventi o processi sono conformi a standard, leggi o regolamenti"
"248";"G8a";"Elaborare informazioni";"Compilare, codificare, classificare, calcolare, tabulare, esaminare o verificare informazioni o dati"
"249";"G9a";"Analizzare dati o informazioni";"Identificare le relazioni, le ragioni o i fatti sottostanti ad informazioni disaggregando informazioni o dati in parti separate"
"250";"G10a";"Prendere decisioni e risolvere problemi";"Analizzare informazioni e valutare risultati per scegliere la soluzione migliore e per risolvere problemi"
"251";"G11a";"Pensare in modo creativo";"Sviluppare, progettare o creare nuove applicazioni, idee, relazioni e nuovi sistemi e prodotti (compresi i contributi artistici) "
"252";"G12a";"Aggiornare e usare conoscenze di rilievo";"Mantenersi aggiornati sui cambiamenti tecnici e applicare nuove conoscenze "
"253";"G13a";"Mettere a punto obiettivi e strategie";"Stabilire obiettivi di lungo periodo e specificare le strategie e le azioni per raggiungerli"
"254";"G14a";"Pianificare il lavoro e le attivit&agrave;";"Programmare eventi, piani e attivit&agrave; o il lavoro di altre persone"
"255";"G15a";"Organizzare, pianificare e dare priorit&agrave; al lavoro";"Mettere a punto specifici obiettivi e programmare il lavoro definendo priorit&agrave;"
"256";"G16a";"Svolgere attivit&agrave; fisiche generali";"Svolgere attivit&agrave; fisiche che richiedono di muovere l'intero corpo o un notevole uso delle braccia e delle gambe, come arrampicarsi, salire scale, stare in equilibrio, camminare, piegarsi e manipolare materiali"
"257";"G17a";"Maneggiare e muovere oggetti";"Usare mani e braccia per maneggiare, installare, posizionare e muovere materiali o per manipolare oggetti"
"258";"G18a";"Gestire macchine e processi";"Usare sia i meccanismi di controllo che l'attivit&agrave; fisica diretta per manovrare macchine o processi (esclusi i computer e i veicoli)"
"259";"G19a";"Lavorare con i computer";"Usare computer e sistemi informatici (software ed hardware) per programmare, scrivere software, regolare funzioni, inserire dati, o elaborare informazioni"
"260";"G20a";"Manovrare veicoli, mezzi meccanici o attrezzature";"Far funzionare, manovrare, guidare o pilotare veicoli o attrezzature meccaniche come carrelli elevatori, veicoli da trasporto, aeromobili o battelli"
"261";"G21a";"Scrivere bozze, stendere note e specifiche tecniche per componenti o attrezzature";"Produrre documentazione, istruzioni dettagliate, disegni o specifiche per spiegare come sono costruiti, assemblati, modificati, mantenuti o usati periferiche, componenti, attrezzature o strutture"
"262";"G22a";"Riparare e fare manutenzione di attrezzature meccaniche ";"Fare manutenzione, riparare, regolare e provare macchine, periferiche, parti mobili e attrezzature meccaniche (non elettroniche)"
"263";"G23a";"Riparare e fare manutenzione di attrezzature elettroniche";"Fare manutenzione, riparare, regolare, calibrare, mettere a punto o provare macchine, periferiche e attrezzature elettroniche (non meccaniche)"
"264";"G24a";"Documentare, registrare informazioni";"Inserire, trascrivere, registrare, immagazzinare o conservare informazioni in forma scritta, elettronica o magnetica"
"265";"G25a";"Interpretare il significato delle informazioni";"Interpretare o spiegare il significato di informazioni ed il loro possibile utilizzo"
"266";"G26a";"Comunicare con superiori, colleghi o subordinati";"Fornire informazioni ai superiori, ai colleghi e ai subalterni, per telefono, in forma scritta, via e-mail o personalmente"
"267";"G27a";"Comunicare con persone esterne all'organizzazione";"Comunicare con persone esterne all'organizzazione, rappresentare la stessa verso i clienti, il pubblico, le amministrazioni ed altre entit&agrave; esterne, personalmente, in forma scritta, per telefono o via e-mail."
"268";"G28a";"Stabilire e mantenere relazioni interpersonali";"Creare rapporti di lavoro costruttivi e cooperativi e mantenerli nel tempo."
"269";"G29a";"Assistere e prendersi cura di altri";"Fornire assistenza personale, attenzione medica, supporto emotivo o altre cure personali ad altri (colleghi, clienti, pazienti)"
"270";"G30a";"Vendere merci o influenzare altri";"Convincere altre persone ad acquistare merci o beni o a far loro cambiare idea o comportamenti"
"271";"G31a";"Risolvere controversie e negoziare con altre persone";"Gestire lamentele, negoziare, calmare dispute e risolvere conflitti"
"272";"G32a";"Lavorare a contatto diretto con il pubblico o esibirsi";"Esibirsi per il pubblico o occuparsi direttamente del pubblico. Comprende servire i clienti in pubblici esercizi o negozi e ricevere clienti o ospiti"
"273";"G33a";"Coordinare il lavoro e le attivit&agrave; di altri";"Far in modo che i componenti di un gruppo lavorino insieme per realizzare i compiti assegnati"
"274";"G34a";"Far crescere e attivare gruppi di lavoro";"Incoraggiare e far crescere la fiducia reciproca, il rispetto e la cooperazione fra i membri di un gruppo."
"275";"G35a";"Formare ed insegnare";"Identificare i bisogni formativi di altre persone, mettere a punto programmi o corsi formali di istruzione o formazione e insegnare o istruire altre persone"
"276";"G36a";"Guidare, dirigere e motivare i subalterni";"Guidare e dirigere i subalterni definendo gli standard nelle prestazioni e il controllo delle stesse"
"277";"G37a";"Addestrare e far crescere altre persone";"Identificare i bisogni di crescita di altre persone e addestrare, far da guida o aiutare altre persone a migliorare le proprie conoscenze e capacit&agrave;"
"278";"G38a";"Fornire consulenze e suggerimenti ad altre persone";"Fornire linee guida e suggerimenti qualificati alla dirigenza o ad altri gruppi su questioni tecniche o relative a sistemi o processi"
"279";"G39a";"Svolgere attivit&agrave; amministrative";"Svolgere compiti amministrativi quotidiani, come gestire archivi e sbrigare pratiche"
"280";"G40a";"Reclutare il personale ";"Reclutare, intervistare, selezionare, assumere e promuovere impiegati in un'organizzazione"
"281";"G41a";"Monitorare e controllare risorse";"Monitorare e controllare risorse e supervisionare le attivit&agrave; di spesa"
"282";"G1b";"Raccogliere informazioni";"Osservare, ricevere o ottenere in qualunque altro modo informazioni da fonti rilevanti"
"283";"G2b";"Identificare oggetti, azioni ed eventi";"Identificare informazioni catalogando, valutando e riconoscendo differenze e similarit&agrave;"
"284";"G3b";"Controllare processi, materiali o ambienti circostanti";"Controllare e rivedere informazioni provenienti da materiali, dagli eventi o dall'ambiente per individuare o valutare problemi"
"285";"G4b";"Ispezionare attrezzature, strutture o materiali";"Ispezionare attrezzature, strutture o materiali per individuare cause di errore, o altri problemi o difetti"
"286";"G5b";"Stimare le caratteristiche quantificabili di prodotti, eventi o informazioni";"Stimare misure, distanze e quantit&agrave; o determinare tempi, costi, risorse o materiali necessari per svolgere una determinata attivit&agrave; lavorativa."
"287";"G6b";"Valutare la qualit&agrave; di oggetti, servizi o persone";"Stimare il valore, l'importanza o la qualit&agrave; di cose o persone"
"288";"G7b";"Valutare informazioni per determinare la conformit&agrave; agli standard";"Utilizzare informazioni rilevanti e pareri individuali per determinare se eventi o processi sono conformi a standard, leggi o regolamenti"
"289";"G8b";"Elaborare informazioni";"Compilare, codificare, classificare, calcolare, tabulare, esaminare o verificare informazioni o dati"
"290";"G9b";"Analizzare dati o informazioni";"Identificare le relazioni, le ragioni o i fatti sottostanti ad informazioni disaggregando informazioni o dati in parti separate"
"291";"G10b";"Prendere decisioni e risolvere problemi";"Analizzare informazioni e valutare risultati per scegliere la soluzione migliore e per risolvere problemi"
"292";"G11b";"Pensare in modo creativo";"Sviluppare, progettare o creare nuove applicazioni, idee, relazioni e nuovi sistemi e prodotti (compresi i contributi artistici) "
"293";"G12b";"Aggiornare e usare conoscenze di rilievo";"Mantenersi aggiornati sui cambiamenti tecnici e applicare nuove conoscenze "
"294";"G13b";"Mettere a punto obiettivi e strategie";"Stabilire obiettivi di lungo periodo e specificare le strategie e le azioni per raggiungerli"
"295";"G14b";"Pianificare il lavoro e le attivit&agrave;";"Programmare eventi, piani e attivit&agrave; o il lavoro di altre persone"
"296";"G15b";"Organizzare, pianificare e dare priorit&agrave; al lavoro";"Mettere a punto specifici obiettivi e programmare il lavoro definendo priorit&agrave;"
"297";"G16b";"Svolgere attivit&agrave; fisiche generali";"Svolgere attivit&agrave; fisiche che richiedono di muovere l'intero corpo o un notevole uso delle braccia e delle gambe, come arrampicarsi, salire scale, stare in equilibrio, camminare, piegarsi e manipolare materiali"
"298";"G17b";"Maneggiare e muovere oggetti";"Usare mani e braccia per maneggiare, installare, posizionare e muovere materiali o per manipolare oggetti"
"299";"G18b";"Gestire macchine e processi";"Usare sia i meccanismi di controllo che l'attivit&agrave; fisica diretta per manovrare macchine o processi (esclusi i computer e i veicoli)"
"300";"G19b";"Lavorare con i computer";"Usare computer e sistemi informatici (software ed hardware) per programmare, scrivere software, regolare funzioni, inserire dati, o elaborare informazioni"
"301";"G20b";"Manovrare veicoli, mezzi meccanici o attrezzature";"Far funzionare, manovrare, guidare o pilotare veicoli o attrezzature meccaniche come carrelli elevatori, veicoli da trasporto, aeromobili o battelli"
"302";"G21b";"Scrivere bozze, stendere note e specifiche tecniche per componenti o attrezzature";"Produrre documentazione, istruzioni dettagliate, disegni o specifiche per spiegare come sono costruiti, assemblati, modificati, mantenuti o usati periferiche, componenti, attrezzature o strutture"
"303";"G22b";"Riparare e fare manutenzione di attrezzature meccaniche ";"Fare manutenzione, riparare, regolare e provare macchine, periferiche, parti mobili e attrezzature meccaniche (non elettroniche)"
"304";"G23b";"Riparare e fare manutenzione di attrezzature elettroniche";"Fare manutenzione, riparare, regolare, calibrare, mettere a punto o provare macchine, periferiche e attrezzature elettroniche (non meccaniche)"
"305";"G24b";"Documentare, registrare informazioni";"Inserire, trascrivere, registrare, immagazzinare o conservare informazioni in forma scritta, elettronica o magnetica"
"306";"G25b";"Interpretare il significato delle informazioni";"Interpretare o spiegare il significato di informazioni ed il loro possibile utilizzo"
"307";"G26b";"Comunicare con superiori, colleghi o subordinati";"Fornire informazioni ai superiori, ai colleghi e ai subalterni, per telefono, in forma scritta, via e-mail o personalmente"
"308";"G27b";"Comunicare con persone esterne all'organizzazione";"Comunicare con persone esterne all'organizzazione, rappresentare la stessa verso i clienti, il pubblico, le amministrazioni ed altre entit&agrave; esterne, personalmente, in forma scritta, per telefono o via e-mail."
"309";"G28b";"Stabilire e mantenere relazioni interpersonali";"Creare rapporti di lavoro costruttivi e cooperativi e mantenerli nel tempo."
"310";"G29b";"Assistere e prendersi cura di altri";"Fornire assistenza personale, attenzione medica, supporto emotivo o altre cure personali ad altri (colleghi, clienti, pazienti)"
"311";"G30b";"Vendere merci o influenzare altri";"Convincere altre persone ad acquistare merci o beni o a far loro cambiare idea o comportamenti"
"312";"G31b";"Risolvere controversie e negoziare con altre persone";"Gestire lamentele, negoziare, calmare dispute e risolvere conflitti"
"313";"G32b";"Lavorare a contatto diretto con il pubblico o esibirsi";"Esibirsi per il pubblico o occuparsi direttamente del pubblico. Comprende servire i clienti in pubblici esercizi o negozi e ricevere clienti o ospiti"
"314";"G33b";"Coordinare il lavoro e le attivit&agrave; di altri";"Far in modo che i componenti di un gruppo lavorino insieme per realizzare i compiti assegnati"
"315";"G34b";"Far crescere e attivare gruppi di lavoro";"Incoraggiare e far crescere la fiducia reciproca, il rispetto e la cooperazione fra i membri di un gruppo."
"316";"G35b";"Formare ed insegnare";"Identificare i bisogni formativi di altre persone, mettere a punto programmi o corsi formali di istruzione o formazione e insegnare o istruire altre persone"
"317";"G36b";"Guidare, dirigere e motivare i subalterni";"Guidare e dirigere i subalterni definendo gli standard nelle prestazioni e il controllo delle stesse"
"318";"G37b";"Addestrare e far crescere altre persone";"Identificare i bisogni di crescita di altre persone e addestrare, far da guida o aiutare altre persone a migliorare le proprie conoscenze e capacit&agrave;"
"319";"G38b";"Fornire consulenze e suggerimenti ad altre persone";"Fornire linee guida e suggerimenti qualificati alla dirigenza o ad altri gruppi su questioni tecniche o relative a sistemi o processi"
"320";"G39b";"Svolgere attivit&agrave; amministrative";"Svolgere compiti amministrativi quotidiani, come gestire archivi e sbrigare pratiche"
"321";"G40b";"Reclutare il personale ";"Reclutare, intervistare, selezionare, assumere e promuovere impiegati in un'organizzazione"
"322";"G41b";"Monitorare e controllare risorse";"Monitorare e controllare risorse e supervisionare le attivit&agrave; di spesa"
"323";"F1";"Concretizzazione e impegno";"Il lavoro richiede di raggiungere in prima persona gli obiettivi e sforzarsi per svolgere compiutamente i compiti importanti"
"324";"F2";"Persistenza";"Il lavoro richiede persistenza in presenza di ostacoli"
"325";"F3";"Iniziativa";"Il lavoro richiede la disponibilit&agrave; ad assumersi responsabilit&agrave; e sfide"
"326";"F4";"Leadership";"Il lavoro richiede la disponibilit&agrave; a guidare persone, a prendersi carico e a dare opinioni e direttive"
"327";"F5";"Cooperazione";"Il lavoro richiede di essere disponibile verso gli altri sul lavoro e di mostrare spirito cooperativo"
"328";"F6";"Interessarsi agli altri";"Il lavoro richiede di essere sensibile ai bisogni e ai sentimenti degli altri e di essere comprensivo e utile agli altri sul lavoro"
"329";"F7";"Lavoro di gruppo";"Il lavoro richiede di preferire di lavorare con altri piuttosto che da solo e di sentirsi personalmente parte di un gruppo sul lavoro"
"330";"F8";"Autocontrollo";"Il lavoro richiede di mantenere compostezza, di controllare le emozioni, la collera e di evitare comportamenti aggressivi anche in situazioni di difficolt&agrave;"
"331";"F9";"Tolleranza allo stress";"Il lavoro richiede di accettare critiche al proprio lavoro e di gestire con calma e fattivamente situazioni di stress elevato"
"332";"F10";"Adattabilit&agrave; e flessibilit&agrave;";"Il lavoro richiede di essere aperti sia cambiamenti in positivo o in negativo, che alla forte variabilit&agrave; sul posto di lavoro"
"333";"F11";"Affidabili&agrave;";"Il lavoro richiede di essere affidabile, responsabile e attendibile e di compiere i propri doveri"
"334";"F12";"Attenzione al dettaglio";"Il lavoro richiede di curare i dettagli e di essere scrupoloso nel completare i compiti"
"335";"F13";"Integrit&agrave;";"Il lavoro richiede di essere onesto e di avere una morale"
"336";"F14";"Indipendenza";"Il lavoro richiede di dirigersi senza o con minima supervisione e di dipendere solo da se stessi per completare il lavoro"
"337";"F15";"Innovazione";"Il lavoro richiede creativit&agrave; e modi di pensare alternativi per produrre nuove idee e risposte ai problemi di lavoro "
"338";"F16";"Pensiero analitico";"Il lavoro richiede di analizzare informazioni e usare la logica per affrontare questioni e problemi "
"339";"F17b1";"Personalit&agrave; realistica";"Diretta, concreta, stabile, pratica, perseverante, semplice, adattabile, privilegia la manualit&agrave;"
"340";"F17b2";"Personalit&agrave; investigativa";"Analitica, curiosa, accurata, precisa, desiderosa di sapere, riflessiva, logica, ha fiducia nelle proprie capacit&agrave; intellettuali."
"341";"F17b3";"Personalit&agrave; artistica";"Creativa, emotiva, espressiva, impulsiva, intuitiva, sensibile, originale, &egrave; dotata di immaginazione."
"342";"F17b4";"Personalit&agrave; sociale";"Cooperativa, socievole, estroversa, dotata di tatto, generosa, persuasiva, comprensiva, sa essere solidale."
"343";"F17b5";"Personalit&agrave; intraprendente";"Sicura di se, persuasiva, energica, ambiziosa, estroversa, loquace, avventurosa, &egrave; abile nello stabilire relazioni sociali."
"344";"F17b6";"Personalit&agrave; convenzionale";"Organizzata, accurata, metodica, efficiente, giudiziosa, ordinata, previdente, predilige comportamenti formali"
"345";"H1";"Frequenza comunicazioni faccia a faccia";"Quanto spesso la sua professione richiede discussioni faccia a faccia individuali e di gruppo?"
"346";"H2";"Frequenza comunicazioni in pubblico";"Quanto spesso la sua professione richiede di fare discorsi in pubblico? (ad es. conferenze, lezioni)"
"347";"H3";"Frequenza conversazioni telefoniche";"Quanto spesso la sua professione richiede conversazioni telefoniche?"
"348";"H4";"Frequenza uso della posta elettronica";"Quanto spesso la sua professione richiede l'uso della posta elettronica?"
"349";"H5";"Frequenza redazione di lettere e appunti";"Quanto spesso la sua professione richiede di scrivere lettere e appunti?"
"350";"H6";"Numero di contatti con altre persone";"Quanti contatti con altre persone (per telefono, faccia a faccia o altrimenti) le sono richiesti nello svolgimento della sua professione?"
"351";"H7";"Importanza interazione con colleghi e gruppi di lavoro";"Quanto &egrave; importante nello svolgimento del suo lavoro interagire in prima persona con i colleghi di lavoro o di far parte di squadre o gruppi di lavoro?"
"352";"H8";"Importanza interazione con clienti esterni o con il pubblico";"Quanto &egrave; importante nello svolgimento del suo lavoro interagire in prima persona con clienti esterni o in generale con il pubblico?"
"353";"H9";"Importanza coordinamento altre persone";"Quanto &egrave; importante nello svolgimento del suo lavoro coordinare o guidare altri nel compiere le attivit&agrave; connesse al lavoro?"
"354";"H10";"Responsabilit&agrave; della salute e sicurezza di altri lavoratori";"Nello svolgimento del suo lavoro, quanta responsabilit&agrave; ha della salute e della sicurezza di altri lavoratori?"
"355";"H11";"Responsabilit&agrave; della produzione e dei risultati di altri lavoratori";"Nello svolgimento del suo lavoro, quanta responsabilit&agrave; ha della produzione e dei risultati di altri lavoratori?"
"356";"H12";"Frequenza situazioni di conflitto";"Nello svolgimento del suo lavoro, quanto spesso si presentano situazioni di conflitto?"
"357";"H13";"Frequenza contatto con persone arrabbiate o aggressive";"Nello svolgimento del suo lavoro, quanto spesso viene a contatto con persone sgradevoli, scortesi o arrabbiate?"
"358";"H14";"Frequenza contatto con persone violente o fisicamente aggressive";"Nello svolgimento del suo lavoro, quanto spesso viene a contatto con persone violente o fisicamente aggressive?"
"359";"H15";"Frequenza lavoro al chiuso, in un luogo controllato dal punto di vista ambientale";"Quanto spesso la sua professione richiede di lavorare al chiuso, in un luogo controllato dal punto di vista ambientale (ad esempio con l'aria condizionata)?"
"360";"H16";"Frequenza lavoro al chiuso, in un luogo non controllato dal punto di vista ambientale";"Quanto spesso la sua professione richiede di lavorare al chiuso, in un luogo non controllato dal punto di vista ambientale (come un magazzino senza l'aria condizionata)?"
"361";"H17";"Frequenza lavoro all'aperto, con esposizione a tutte le condizioni climatiche";"Quanto spesso la sua professione richiede di lavorare all'aperto esposto a tutte le condizioni climatiche?"
"362";"H18";"Frequenza lavoro all'aperto ma al riparo";"Quanto spesso la sua professione richiede di lavorare all'aperto ma al riparo (come in una baracca aperta)?"
"363";"H19";"Frequenza lavoro in una attrezzatura o in un veicolo aperto";"Quanto spesso la sua professione richiede di lavorare in una attrezzatura o in un veicolo aperto (come un trattore)?"
"364";"H20";"Frequenza lavoro in una attrezzatura o in un veicolo chiuso";"Quanto spesso la sua professione richiede di lavorare in una attrezzatura o in un veicolo chiuso (come una macchina)?"
"365";"H21";"Vicinanza fisica ad altre persone nello svolgimento del lavoro";"Nello svolgimento del suo lavoro quanto &egrave; fisicamente vicino ad altre persone?"
"366";"H22";"Frequenza esposizione a livelli di suono o rumore fastidiosi";"Nello svolgimento del suo lavoro quanto spesso &egrave; esposto a livelli di suono o di rumore fastidiosi e che la distraggono?"
"367";"H23";"Frequenza esposizione a temperature molto calde o molto fredde";"Nello svolgimento del suo lavoro quanto spesso &egrave; esposto a temperature molto calde (oltre 32 gradi) o molto fredde (inferiori allo zero)?"
"368";"H24";"Frequenza esposizione a fonti di luce o a condizioni di luminosit&agrave; inadeguate";"Nello svolgimento del suo lavoro quanto spesso &egrave; esposto a forti fonti di luce o a condizioni di luminosit&agrave; inadeguate?"
"369";"H25";"Frequenza esposizione a agenti contaminanti";"Nello svolgimento del suo lavoro quanto spesso &egrave; esposto a contaminanti (come gas o polveri inquinanti)?"
"370";"H26";"Frequenza lavoro in spazi ristretti che costringono in posizioni inusuali";"Nello svolgimento del suo lavoro quanto spesso si trova a lavorare in spazi ristretti che la costringono in posizioni non usuali?"
"371";"H27";"Frequenza esposizione a vibrazioni in tutto il corpo";"Nello svolgimento del suo lavoro quanto spesso &egrave; sottoposto a vibrazioni in tutto il corpo (come quando si manovra un martello pneumatico o una ruspa)?"
"372";"H28";"Frequenza esposizione a radiazioni";"Quanto spesso il suo lavoro richiede di esporsi a radiazioni? Questo pu&ograve; capitare ad esempio a chi svolge attivit&agrave; in laboratori chimici o di radiologia)"
"373";"H29";"Frequenza esposizione a malattie o infezioni";"Quanto spesso il suo lavoro richiede di esporsi a malattie o infezioni? Questo pu&ograve; capitare ad esempio a chi svolge attivit&agrave; in ospedale, oppure in laboratori medici o di analisi, o a chi &egrave; impegnato in attivit&agrave; di disinfezione,.."
"374";"H30";"Frequenza lavoro in posti o luoghi elevati dal suolo";"Quanto spesso il suo lavoro richiede di esporsi in posti o luoghi elevati dal suolo (come lavorare su pali, impalcature, scale, passerelle pi&ugrave; alte di 2,5 mt)?"
"375";"H31";"Frequenza situazioni di rischio nel lavoro";"Quanto spesso il suo lavoro richiede di esporsi a situazioni di rischio (come lavorare con elettricit&agrave; ad alto voltaggio, materiali infiammabili, esplosivi o prodotti chimici)? Non comprende il lavorare con attrezzature pericolose"
"376";"H32";"Frequenza lavoro con attrezzature pericolose";"Quanto spesso il suo lavoro richiede di esporsi ad attrezzature pericolose (come lavorare con seghe, vicino a macchine con parti in movimento o a veicoli)? Non comprende il guidare veicoli"
"377";"H33";"Frequenza esposizione a piccole bruciature, piccoli tagli, morsi, punture";"Quanto spesso il suo lavoro richiede di esporsi a piccole bruciature, piccoli tagli, morsi, punture?"
"378";"H34";"Per quanto tempo lavoro richiede di restare seduto";"Nel suo lavoro per quanto tempo resta seduto?"
"379";"H35";"Per quanto tempo lavoro richiede di arrampicarsi su scale, pali, impalcature";"Nel suo lavoro per quanto tempo si arrampica su scale, pali, impalcature ecc. ?"
"380";"H36";"Per quanto tempo lavoro richiede di camminare o correre";"Nel suo lavoro per quanto tempo cammina o corre ? (esclusi gli spostamenti casa-lavoro)"
"381";"H37";"Per quanto tempo lavoro richiede di inginocchiarsi, muoversi carponi o piegarsi";"Nel suo lavoro per quanto tempo si inginocchia, si rannicchia, si muove carponi o si piega ?"
"382";"H38";"Per quanto tempo lavoro richiede di mantenere o recuperare l'equilibrio";"Nel suo lavoro per quanto tempo mantiene o recupera l'equilibrio?"
"383";"H39";"Per quanto tempo lavoro richiede di restare in piedi";"Nel suo lavoro per quanto tempo resta in piedi?"
"384";"H40";"Per quanto tempo lavoro richiede di usare le mani per manipolare oggetti, attrezzi o sistemi di controllo";"Nel suo lavoro per quanto tempo usa le mani per manipolare, controllare o tastare oggetti, attrezzi o sistemi di controllo?"
"385";"H41";"Per quanto tempo lavoro richiede di piegarsi o storcere il corpo";"Nel suo lavoro per quanto tempo piega o storce il suo corpo?"
"386";"H42";"Per quanto tempo lavoro richiede di eseguire movimenti ripetitivi";"Nel suo lavoro per quanto tempo esegue movimenti ripetitivi?"
"387";"H43";"Per quanto tempo lavoro richiede di indossare apparati di protezione o di sicurezza";"Nel suo lavoro per quanto tempo indossa apparati di protezione o di sicurezza come scarpe, occhiali, guanti, tappi per le orecchie, elmetti o giubbotti?"
"388";"H44";"Per quanto tempo lavoro richiede di indossare apparati specialistici di protezione o di sicurezza";"Nel suo lavoro per quanto tempo indossa apparati specialistici di protezione o di sicurezza come autorespiratori, imbracature, tute a protezione completa o tenute di protezione dalle radiazioni ?"
"389";"H45";"Gravit&agrave; conseguenze errori commessi nel lavoro";"Quanto gravi possono essere le conseguenze di un errore commesso nel suo lavoro?"
"390";"H46";"Impatto decisioni su altre persone o sull'immagine del datore di lavoro";"Nel suo lavoro quale impatto abitualmente hanno le sue decisioni su altre persone o sull'immagine o sulla reputazione o sulle risorse finanziarie del suo datore di lavoro?"
"391";"H47";"Quanto spesso decisioni condizionano altre persone o l'immagine del datore";"Nel suo lavoro quanto spesso le sue decisioni condizionano altre persone o l'immagine o la reputazione o le risorse finanziarie del suo datore di lavoro?"
"392";"H48";"Libert&agrave; di prendere decisioni senza supervisione";"Nel suo lavoro quanto &egrave; libero di prendere decisioni senza supervisione?"
"393";"H49";"Livello di automazione del lavoro";"Quanto &egrave; automatizzato il suo lavoro? (legato a processi automatici)"
"394";"H50";"Importanza essere accurati e precisi sul lavoro";"Nel suo lavoro quanto &egrave; importante essere molto precisi o accurati?"
"395";"H51";"Importanza e centralit&agrave; svolgimento compiti ripetitivi";"Quanto sono importanti nel suo lavoro le attivit&agrave;"
"396";"H52";"Libert&agrave; di definire compiti, priorit&agrave; e obiettivi del lavoro";"Quanto &egrave; libero di definire i compiti, le priorit&agrave; e gli obiettivi del suo lavoro?"
"397";"H53";"Livello di competizione dell'ambiente lavorativo";"Quanto &egrave; competitivo il suo lavoro? (richiede il confronto costante con le prestazioni di colleghi/altri lavoratori)"
"398";"H54";"Frequenza scadenze non rinviabili";"Quanto spesso il suo lavoro richiede di rispettare scadenze non rinviabili?"
"399";"H55";"Importanza controllo sequenze di macchinari o attrezzature";"Quanto &egrave; importante nel suo lavoro tenere sotto controllo sequenze di macchinari e di attrezzature?"
"400";"H56";"Regolarit&agrave; organizzazione del lavoro";"Quanto &egrave; regolare l'organizzazione del suo lavoro?"
"401";"H57";"Orario settimanale medio";"Quante ore lavora in una settimana tipo?"
"402";"pp1";"Prima personalit&agrave; pi&ugrave; adatta";"Prima personalit&agrave; pi&ugrave; adatta allo svolgimento della professione"
"403";"pp2";"Seconda personalit&agrave; pi&ugrave; adatta";"Seconda personalit&agrave; pi&ugrave; adatta allo svolgimento della professione"
"404";"pp3";"Terza personalit&agrave; pi&ugrave; adatta";"Terza personalit&agrave; pi&ugrave; adatta allo svolgimento della professione"
"405";"E19";"Creativit&agrave;";"Chi svolge questo lavoro pu&ograve; sperimentare proprie idee"
"406";"E18";"Sostegno tecnico dei supervisori";"Chi svolge questo lavoro pu&ograve; contare su supervisori che eseguono una buona formazione del personale"
"407";"E17";"Sostegno supervisori";"Chi svolge questo lavoro pu&ograve; contare sul sostegno dei propri supervisori"
"408";"E16";"Trattamento da parte dell'azienda";"Chi svolge questo lavoro &egrave; trattato bene dalla sua azienda "
"409";"E15";"Conformit&agrave; ai propri principi morali";"Chi svolge questo lavoro esegue attivit&agrave; conformi ai propri principi"
"410";"E14";"Lavoro per gli altri";"Chi svolge questo lavoro esegue mansioni che lo impegnano a lavorare a favore degli altri"
"411";"E13";"Colleghi";"Chi svolge questo lavoro va d'accordo con i suoi colleghi"
"412";"E12";"Apprezzamento";"Chi svolge questo lavoro &egrave; apprezzato da altre persone della propria azienda e della comunit&agrave;"
"413";"E11";"Autorit&agrave;";"Chi svolge questo lavoro d&agrave; direttive e istruzioni agli altri"
"414";"E1";"Pieno utilizzo delle abilit&agrave;";"Chi svolge questo lavoro utilizza appieno le proprie abilit&agrave;"
"415";"E10";"Riconoscimento";"Chi svolge questo lavoro riceve il giusto riconoscimento per ci&ograve; che fa"
"416";"E20";"Autonomia";"Chi svolge questo lavoro pianifica le proprie attivit&agrave; con poca supervisione"
"417";"E2";"Realizzazione";"Chi svolge questo lavoro si sente realizzato"
"418";"E21";"Responsabilit&agrave;";"Chi svolge questo lavoro pu&ograve; prendere decisioni autonomamente"
"419";"E3";"Impegno costante";"Chi svolge questo lavoro &egrave; impegnato costantemente"
"420";"E4";"Indipendenza";"Chi svolge questo lavoro esegue da solo le proprie mansioni"
"421";"E5";"Variet&agrave;";"Chi svolge questo lavoro &egrave; occupato ogni giorno in attivit&agrave; diversificate"
"422";"E6";"Retribuzione";"Chi svolge questo lavoro &egrave; ben retribuito"
"423";"E7";"Sicurezza";"Chi svolge questo lavoro ha un impiego sicuro"
"424";"E8";"Condizioni ambientali";"Chi svolge questo lavoro opera in situazioni ambientali ottimali"
"425";"E9";"Avanzamenti di carriera";"Chi svolge questo lavoro ha la possibilit&agrave; di fare avanzamenti di carriera"
